name;frameTime;pcm_fftMag_mfcc[0];pcm_fftMag_mfcc[1];pcm_fftMag_mfcc[2];pcm_fftMag_mfcc[3];pcm_fftMag_mfcc[4];pcm_fftMag_mfcc[5];pcm_fftMag_mfcc[6];pcm_fftMag_mfcc[7];pcm_fftMag_mfcc[8];pcm_fftMag_mfcc[9];pcm_fftMag_mfcc[10];pcm_fftMag_mfcc[11];pcm_fftMag_mfcc[12];pcm_fftMag_mfcc_de[0];pcm_fftMag_mfcc_de[1];pcm_fftMag_mfcc_de[2];pcm_fftMag_mfcc_de[3];pcm_fftMag_mfcc_de[4];pcm_fftMag_mfcc_de[5];pcm_fftMag_mfcc_de[6];pcm_fftMag_mfcc_de[7];pcm_fftMag_mfcc_de[8];pcm_fftMag_mfcc_de[9];pcm_fftMag_mfcc_de[10];pcm_fftMag_mfcc_de[11];pcm_fftMag_mfcc_de[12];pcm_fftMag_mfcc_de_de[0];pcm_fftMag_mfcc_de_de[1];pcm_fftMag_mfcc_de_de[2];pcm_fftMag_mfcc_de_de[3];pcm_fftMag_mfcc_de_de[4];pcm_fftMag_mfcc_de_de[5];pcm_fftMag_mfcc_de_de[6];pcm_fftMag_mfcc_de_de[7];pcm_fftMag_mfcc_de_de[8];pcm_fftMag_mfcc_de_de[9];pcm_fftMag_mfcc_de_de[10];pcm_fftMag_mfcc_de_de[11];pcm_fftMag_mfcc_de_de[12]
'unknown';0.000000;-9.826003e-01;9.519180e+00;1.253333e+01;-5.234228e+00;1.130798e+01;1.141856e+01;9.288954e+00;4.432686e+00;1.923678e+00;4.159863e+00;2.748565e+00;3.075738e+00;1.068781e+02;1.821718e+00;2.502436e+00;3.087430e+00;2.602038e+00;-1.739245e-02;7.969474e-01;-5.790243e-02;1.458693e+00;3.378516e+00;-5.954200e-01;-1.652990e+00;-2.911249e+00;8.126907e-01;-2.267650e-01;-3.097045e-01;-8.591353e-01;-5.010722e-01;-8.523875e-02;-6.752034e-01;-4.722682e-01;-5.076675e-01;-3.265506e-01;9.986894e-01;4.438489e-01;3.260384e-01;-1.309896e-01
'unknown';0.010000;3.257959e+00;1.619036e+01;2.356288e+01;4.643679e+00;1.722963e+01;1.942017e+01;1.784189e+01;3.379869e+00;-2.361281e+00;1.547676e-02;-8.879099e-01;-5.215786e+00;1.097277e+02;1.609081e+00;1.833233e+00;7.621740e-01;8.778690e-01;7.645921e-02;-1.164686e+00;-8.389307e-01;-1.795181e-01;3.929547e+00;2.342168e+00;3.972352e-01;-1.486076e+00;6.956490e-01;-4.093677e-01;-6.581991e-01;-1.338731e+00;-6.176780e-01;-3.143825e-01;-5.742043e-01;-9.497037e-01;-1.013594e+00;-1.576094e+00;2.127282e-01;1.586349e-01;1.602177e-01;-2.640893e-01
'unknown';0.020000;6.005709e+00;1.869577e+01;2.245571e+01;2.837008e+00;8.260189e+00;1.140249e+01;4.722974e+00;1.225256e+01;2.095874e+01;3.254956e+00;-3.698146e+00;-7.334743e+00;1.095168e+02;7.942116e-01;1.288515e+00;-4.561796e-02;9.587614e-01;-4.905121e-01;-1.598253e+00;-2.028729e+00;-2.605393e-01;1.470248e+00;2.929233e+00;-4.588579e-01;-1.993643e+00;2.162636e-01;-4.728446e-01;-6.951202e-01;-8.868764e-01;-2.714579e-01;-6.676273e-02;1.274334e-01;-6.810243e-01;-1.018423e+00;-2.774905e+00;-3.983865e-01;4.323018e-01;3.429922e-02;-2.094315e-01
'unknown';0.030000;3.568648e+00;1.409705e+01;1.138301e+01;-4.880500e+00;1.321417e+01;5.603161e+00;7.377290e+00;-3.748410e-01;1.205388e+01;1.632315e+01;7.958097e+00;8.505962e-01;1.090370e+02;2.886322e-01;-1.815991e-01;-2.039701e+00;3.352856e-01;-1.352745e+00;-8.764740e-01;-3.821007e+00;-2.749661e+00;-3.547820e+00;-1.294105e+00;-1.456881e+00;-2.568963e+00;-2.095421e-01;-2.377626e-01;-1.659237e-01;3.993725e-01;1.809026e-01;-7.296457e-02;6.922496e-01;1.752062e-01;-1.305819e-01;-2.403805e+00;-1.370783e+00;2.661959e-01;3.359090e-01;-5.297951e-02
'unknown';0.040000;2.833113e+00;1.700841e+01;1.839518e+01;4.321669e+00;1.086315e+01;1.033580e+01;4.377607e+00;5.007344e+00;2.067339e+00;1.065219e+01;-3.968728e+00;-9.925668e+00;1.083048e+02;1.177192e-01;3.425074e-02;5.398588e-02;1.516040e+00;3.633959e-01;1.290008e+00;-1.971986e+00;-2.348352e+00;-6.757323e+00;-7.692162e-01;1.435578e+00;-2.198309e+00;2.181290e-01;-4.304602e-02;-1.269201e-01;6.957375e-01;-4.586814e-01;-1.928755e-01;2.129455e-01;7.275614e-01;4.663716e-01;-3.257333e-01;-5.602379e-01;4.446487e-01;1.072601e+00;6.487052e-02
'unknown';0.050000;6.287417e+00;1.612605e+01;1.539464e+01;5.577777e+00;9.164425e+00;1.557115e+01;-1.090466e+00;-6.745829e+00;-1.065468e+01;-1.015367e+01;-8.037025e+00;-1.676514e+01;1.092860e+02;7.585135e-01;1.630746e+00;2.709234e+00;1.503743e+00;-7.153176e-01;8.524312e-01;8.728552e-03;2.114789e-01;-3.975694e+00;-2.662524e+00;7.809968e-01;2.958018e-01;4.298187e-01;-2.880101e-01;3.969754e-02;4.762144e-01;-1.037580e+00;-2.152357e-01;-3.217987e-01;6.685897e-01;6.916703e-01;1.846290e+00;1.021452e+00;-2.624695e-01;8.140268e-01;-8.178635e-03
'unknown';0.060000;5.234920e+00;1.785252e+01;2.071983e+01;5.188070e+00;1.210204e+01;1.286854e+01;-9.030763e-01;3.696290e+00;-1.473597e+00;1.264729e+01;1.147730e+01;-9.518423e+00;1.104829e+02;3.440408e-01;-2.522579e-01;1.058602e+00;-1.918874e+00;-1.773603e+00;-1.397978e+00;-3.057904e-01;5.907490e-01;5.551863e-02;8.122526e-01;6.454465e-01;1.936980e+00;2.209358e-01;-2.626891e-01;1.049966e-01;-3.801215e-01;-1.335925e+00;-1.993225e-01;-1.628444e-01;3.908948e-01;-8.365786e-02;2.424588e+00;8.264368e-01;-1.398768e+00;-2.487966e-02;-1.206528e-01
'unknown';0.070000;6.160312e+00;2.182873e+01;2.376686e+01;2.205013e+00;9.018132e+00;8.598948e+00;1.006127e+01;1.338081e+00;-6.054120e+00;2.012989e+00;4.140065e+00;2.125983e+00;1.100970e+02;-1.264579e+00;1.601430e-01;-1.609365e-01;-3.135158e+00;-1.360424e+00;-1.141475e+00;-1.311156e+00;-7.608600e-01;2.277209e+00;3.022419e+00;-2.374163e+00;-5.664730e-01;-2.518387e-01;-2.005854e-01;-1.155778e-01;-5.743764e-01;-2.520831e-01;9.117209e-01;1.008072e+00;3.952695e-01;-9.191022e-02;1.803597e+00;9.357872e-01;-4.028967e-01;-9.359466e-01;-7.677933e-02
'unknown';0.080000;4.616870e+00;1.289578e+01;1.950208e+01;-3.586319e+00;2.068276e+00;6.832010e+00;-2.727216e+00;3.919134e+00;4.465055e-02;8.630125e+00;-6.830040e+00;-9.686331e+00;1.090039e+02;-1.841799e-01;1.294535e+00;-4.115361e-01;-2.844135e+00;-3.106634e-01;1.472739e+00;6.424311e-01;-2.280472e+00;2.239166e+00;5.204965e-01;-3.980684e+00;-1.891570e+00;-4.430618e-02;1.615609e-01;2.847323e-01;3.070920e-01;1.305498e+00;1.359535e+00;1.620251e+00;1.068683e+00;4.913469e-01;8.966181e-01;5.770730e-01;1.074756e+00;-2.908605e-01;4.929062e-02
'unknown';0.090000;2.735462e-01;1.940513e+01;1.519884e+01;-5.710816e+00;7.379188e+00;1.288204e+01;-6.734179e+00;-1.066155e+01;-2.776219e-02;6.967012e+00;-1.075417e+01;-1.951355e+01;1.087663e+02;1.969681e-02;2.794608e-01;5.724214e-01;7.059575e-01;3.111817e+00;4.457435e+00;1.510965e+00;1.187539e+00;3.950467e+00;2.162290e+00;1.079579e+00;-2.469656e+00;1.785431e-01;3.907240e-01;-3.360715e-01;5.730949e-01;1.565509e+00;4.375980e-01;7.214635e-01;1.310703e+00;1.153431e+00;5.963128e-02;2.647260e-01;1.713187e+00;1.425693e+00;9.800385e-02
'unknown';0.100000;7.257403e+00;2.553700e+01;2.294616e+01;-5.074690e+00;1.136819e+01;1.809069e+01;1.070681e+01;-1.706255e+00;6.709056e+00;1.277276e+01;-9.790011e-01;-8.156508e+00;1.109268e+02;5.097071e-01;1.111745e+00;2.227383e+00;2.688061e+00;2.787952e+00;3.903823e+00;3.626565e+00;2.073284e+00;3.701980e+00;4.127682e+00;4.292354e+00;1.434268e+00;2.521980e-01;-1.072992e-01;-1.030338e+00;-1.844892e-01;8.866450e-01;-5.221179e-01;-5.624361e-01;2.271494e-01;3.996831e-01;-1.083220e+00;-7.694486e-01;7.682489e-01;1.727956e+00;-2.171196e-02
'unknown';0.110000;4.938529e+00;1.690542e+01;2.490693e+01;6.478986e+00;1.992726e+01;2.525678e+01;1.089909e+01;1.008847e+01;1.036601e+01;1.075312e+01;6.612439e+00;-1.098721e+01;1.100283e+02;3.420973e-01;-1.428819e+00;1.385078e+00;1.926287e+00;-7.217416e-01;1.250301e+00;3.750291e+00;2.829415e+00;1.843958e+00;2.542456e+00;2.055254e+00;4.899075e+00;8.992843e-02;-1.310015e-01;-6.296218e-01;-8.192369e-01;-4.640366e-01;-1.273873e+00;-1.592227e+00;-5.805195e-01;-1.283256e+00;-2.363113e+00;-2.098439e+00;-1.019136e+00;1.229133e+00;-5.939614e-02
'unknown';0.120000;4.832914e+00;1.970436e+01;2.578494e+01;3.759084e+00;9.734001e+00;2.016375e+01;6.588976e+00;3.910547e+00;1.335766e+01;2.737548e+01;5.948425e+00;-6.778159e+00;1.096339e+02;-8.818763e-01;-3.003017e+00;-1.740311e+00;9.789248e-01;-1.004473e+00;2.641256e-01;6.585150e-01;-1.102995e+00;-2.123681e+00;-3.516829e+00;-6.272768e-01;3.063842e+00;-1.085587e-01;-5.682396e-02;-2.781205e-01;-8.341140e-01;-8.366199e-01;-7.716321e-01;-1.566946e+00;-9.846690e-01;-1.057924e+00;-2.014349e+00;-2.464000e+00;-1.166250e+00;-7.566925e-01;-5.262848e-02
'unknown';0.130000;3.196277e+00;1.517735e+01;2.070484e+01;-4.962663e-01;4.587576e+00;1.809701e+01;1.407619e+01;6.771231e-01;5.867725e+00;1.237793e+01;-3.941612e+00;4.292648e+00;1.098624e+02;6.048083e-02;-8.112674e-01;-1.539916e+00;-7.596574e-01;-1.361335e+00;-1.683852e+00;9.239330e-02;-3.640603e+00;-4.952268e+00;-4.507651e+00;-1.556288e+00;2.861223e+00;6.194077e-02;2.157159e-01;6.526948e-01;-1.111187e-01;-3.183631e-01;2.969116e-01;-5.902433e-01;-6.990774e-01;3.724951e-01;1.620176e-02;-6.159595e-01;1.956053e-01;-1.823300e+00;-5.126534e-02
'unknown';0.140000;3.719148e+00;1.138595e+01;1.634565e+01;3.307560e+00;1.401567e+01;2.299121e+01;1.241083e+01;-2.515560e+00;-1.660203e+00;-5.623794e+00;1.161641e+00;-4.772264e-01;1.104669e+02;3.663955e-01;-5.876337e-01;-4.806900e-01;-1.520661e-01;-7.504120e-01;-2.463830e+00;5.321692e-01;1.867232e-02;-2.971650e+00;-4.667265e+00;2.668767e-01;-1.330268e+00;3.049469e-03;2.203664e-01;7.885604e-01;6.733227e-01;-1.299673e-02;6.016349e-01;3.811039e-02;-1.246498e-01;1.846129e+00;1.382002e+00;1.754057e+00;1.100775e+00;-1.025247e+00;-5.415634e-02
'unknown';0.150000;5.797816e+00;1.700829e+01;2.192699e+01;2.906461e+00;1.097975e+01;1.542380e+01;8.450130e+00;-4.901491e+00;-6.886390e+00;4.714504e+00;1.224391e+00;1.684395e-01;1.099215e+02;7.965409e-01;6.269634e-01;1.996744e-01;8.999673e-01;6.357857e-01;-3.369382e-01;3.180773e-01;4.131057e+00;2.348952e+00;3.787689e-02;2.586203e+00;-2.020372e+00;-2.222023e-01;-1.363438e-01;6.941251e-02;2.208471e-01;1.237064e-01;9.456787e-01;8.526812e-01;-6.964456e-02;1.826463e+00;2.038845e+00;1.879810e+00;5.442484e-01;-2.264190e-01;-3.084718e-03
'unknown';0.160000;5.364122e+00;1.585072e+01;2.277041e+01;1.297390e+00;2.785855e+00;9.181207e+00;1.206285e+01;6.793215e+00;4.876473e+00;7.870868e+00;4.699807e+00;-1.136740e+01;1.096196e+02;-1.480742e-01;2.206697e-01;7.565077e-01;8.412874e-02;1.005140e+00;-2.187791e-01;-7.757606e-02;4.241820e+00;1.135721e+00;2.980690e+00;2.805352e+00;3.784069e-01;-2.372688e-01;-2.416807e-01;-1.305232e-01;-3.744517e-01;-2.531605e-01;8.497432e-01;6.712455e-01;-5.369166e-01;-8.660157e-02;6.327267e-01;1.250978e+00;-6.125153e-01;9.349793e-01;7.377754e-02
'unknown';0.170000;6.356495e+00;1.607978e+01;1.849083e+01;5.008656e+00;1.338141e+01;2.331732e+01;1.584057e+01;1.667802e+01;1.434414e+01;5.819986e+00;7.220321e+00;-3.641253e-01;1.091750e+02;-3.640032e-01;-8.683565e-01;-1.054280e+00;-2.592229e-01;2.489282e+00;1.457029e+00;4.904318e-02;3.380138e+00;3.188270e+00;1.067420e+00;-1.042838e-01;8.747902e-01;1.666763e-01;-2.256386e-01;-1.603486e-01;-3.202602e-01;-6.850933e-01;-8.302250e-02;-4.736314e-01;-3.773879e-01;-1.479505e+00;-9.328439e-01;5.596327e-02;-1.364545e+00;3.699859e-01;8.640373e-02
'unknown';0.180000;2.699437e+00;1.295355e+01;2.184627e+01;2.677107e+00;1.784054e+01;1.795055e+01;8.327731e+00;7.903782e+00;-6.596864e+00;8.726916e+00;1.219044e+01;1.681090e+00;1.096538e+02;-2.617361e-01;-4.925900e-01;-1.725972e+00;-8.382736e-01;2.571556e+00;-4.586411e-03;-2.017897e+00;-3.887596e-02;-2.276753e-01;1.072854e+00;-1.450456e+00;1.897047e+00;1.774979e-01;3.788558e-02;3.868994e-01;-1.275192e-01;-4.767578e-01;-6.179885e-01;-2.452427e-01;-3.060500e-01;-1.930003e+00;-9.415956e-01;-1.472617e+00;-1.465029e+00;-7.010573e-01;-7.909401e-02
'unknown';0.190000;5.310143e+00;1.411510e+01;1.711767e+01;9.204876e-01;1.589882e+01;1.832427e+01;1.056291e+01;1.144392e+01;1.479163e+01;9.623582e+00;-3.042343e+00;-1.981853e+00;1.107378e+02;-2.748210e-01;1.818503e-01;-1.603871e-01;-2.064298e+00;-5.625347e-01;-2.812191e+00;-5.987018e-01;-1.126120e+00;-1.633569e+00;1.271611e+00;-2.108617e+00;-9.297622e-01;2.433014e-03;7.134617e-04;6.507297e-01;5.082452e-01;6.094314e-02;-1.093003e+00;-3.123749e-01;-5.986866e-01;-2.017920e+00;-1.348005e+00;-1.312580e+00;1.160167e-01;-8.963616e-01;-3.040031e-01
'unknown';0.200000;4.578618e+00;1.437012e+01;1.482714e+01;-8.498943e-01;1.438493e+01;1.165480e+01;4.612199e+00;9.215888e+00;3.514353e+00;1.133334e+01;2.578856e+00;-1.073296e+00;1.097257e+02;-3.237486e-03;1.630063e+00;-3.280346e-01;-1.397123e+00;-5.588938e-01;6.896173e-01;-1.283953e+00;-3.155064e+00;-1.161337e+00;-4.484492e+00;-3.517627e+00;-2.224603e+00;-5.506172e-01;-5.091928e-02;2.031484e-01;5.033807e-01;3.763463e-01;-8.582934e-01;-6.830003e-02;-6.164592e-01;-1.083733e+00;-1.336630e-01;-1.083439e+00;5.551460e-01;-9.820555e-01;-3.073900e-01
'unknown';0.210000;4.042800e+00;1.628075e+01;2.119846e+01;-3.549334e+00;1.229654e+01;1.240423e+01;1.470482e+01;1.039137e+01;1.120689e+00;1.087483e+01;1.483026e+00;-3.635744e+00;1.091513e+02;-4.896852e-01;1.323965e+00;7.879777e-01;3.249174e-01;-1.410508e+00;-4.519478e-01;-3.311361e+00;-5.151369e+00;-3.084925e+00;-2.716807e+00;1.509385e+00;-1.546193e+00;-9.892815e-01;-1.513838e-01;-6.041790e-01;-2.027420e-01;5.805032e-01;-3.714427e-02;-2.976356e-01;-7.081280e-01;-3.331043e-01;4.906812e-01;2.808359e-02;5.336029e-01;-1.508074e-01;-1.187444e-01
'unknown';0.220000;3.316921e+00;2.002104e+01;1.816570e+01;-2.073596e+00;1.684721e+01;2.435865e+01;-1.629944e-01;-7.345263e+00;-5.568077e+00;-1.432117e+01;-7.660383e+00;-8.614982e+00;1.076940e+02;-4.089004e-01;-4.790535e-02;3.167496e-01;-1.511500e-01;-1.295925e+00;-1.526209e+00;-3.743863e+00;-3.444915e+00;-1.703127e-01;-2.350131e+00;-4.837276e-01;-2.705015e+00;-8.635948e-01;-1.579882e-01;-1.211787e+00;-2.094404e-01;3.805434e-01;-9.672475e-03;-1.353387e+00;4.698862e-01;9.142455e-01;2.542657e-01;1.753247e+00;4.556974e-01;4.649717e-01;2.347827e-01
'unknown';0.230000;3.492564e+00;1.790946e+01;1.938827e+01;3.156925e+00;7.615141e+00;9.712602e+00;-3.606303e+00;-6.032351e+00;3.908222e+00;8.866802e+00;9.624204e+00;-5.941973e+00;1.068072e+02;-8.289086e-01;-2.000060e+00;-1.496489e+00;2.152319e-01;-3.797405e-01;-3.192457e+00;-2.909387e+00;-2.646716e+00;3.243247e-01;3.448486e-01;-9.575521e-01;-1.443593e+00;-4.348000e-01;-6.585091e-04;-8.405436e-01;-2.294875e-01;4.459430e-02;2.837308e-01;-2.052935e-01;1.553735e+00;1.311198e+00;-5.245833e-01;5.501427e-01;-4.717670e-01;1.080850e+00;4.505002e-01
'unknown';0.240000;2.809234e+00;1.331624e+01;1.731598e+01;-4.958775e+00;1.024601e+01;5.369572e+00;-4.951551e+00;2.031710e-01;1.269023e+00;5.867020e-01;-3.910371e+00;-1.344525e+01;1.065798e+02;-6.235666e-01;-2.766860e+00;-2.330031e-01;5.604368e-01;-1.122640e+00;-4.707063e+00;8.644909e-01;1.638371e-01;-1.594633e+00;2.750918e+00;-5.671024e-03;4.895578e-02;3.460556e-01;7.400353e-02;1.644966e-01;2.364547e-01;2.614197e-01;2.891006e-01;9.705648e-01;1.598554e+00;5.613559e-01;-1.136878e+00;2.532533e-01;9.772390e-01;1.881417e+00;3.355431e-01
'unknown';0.250000;1.521006e-01;9.632853e+00;1.414087e+01;-1.030586e+00;1.369844e+01;5.936492e+00;2.552166e+00;-6.616430e+00;-6.762374e-01;5.145140e+00;-5.179740e+00;-8.438575e+00;1.075344e+02;-3.856447e-01;-1.519276e+00;-8.458348e-02;1.920954e-01;-7.849608e-02;1.120120e-01;2.153139e+00;-3.997573e-01;-4.995681e+00;-2.516617e+00;-1.088478e+00;2.481070e+00;6.583946e-01;4.104353e-01;1.170542e+00;3.434456e-01;-8.145900e-02;3.151616e-01;1.659906e+00;8.229515e-01;4.842408e-01;2.198783e-01;-1.711679e-02;1.641546e+00;1.338732e+00;1.649728e-01
'unknown';0.260000;1.869320e+00;1.032505e+01;1.962439e+01;2.822343e+00;8.192360e+00;2.711390e+00;1.080225e+00;-6.234038e+00;-1.124901e+01;1.294256e+00;-2.867664e-01;-7.121902e+00;1.090607e+02;-2.605146e-01;5.341855e-01;7.930700e-01;1.167517e+00;-1.044273e-03;1.674382e+00;1.717646e+00;-1.761615e+00;-3.194701e+00;3.468688e-01;4.467931e+00;4.739738e+00;2.675232e-01;4.471456e-01;1.361545e+00;-2.007614e-01;-3.578940e-01;6.636578e-01;1.632536e+00;3.550261e-01;5.781897e-01;2.052444e+00;2.784200e-01;6.969399e-01;1.156368e-02;1.550063e-03
'unknown';0.270000;2.034298e+00;1.180868e+01;1.781115e+01;2.268438e-01;8.249485e+00;1.160175e+01;4.143506e+00;-4.812534e+00;-1.481117e+01;-4.070062e+00;2.370012e+00;3.301701e+00;1.088587e+02;1.041742e+00;2.202125e+00;-2.922978e-01;-4.956033e-01;6.352698e-01;1.916351e+00;7.787927e-01;7.372139e-01;2.223750e+00;1.461289e+00;5.013374e+00;2.904676e+00;4.293304e-01;3.666769e-01;6.962435e-01;-1.738460e-02;-2.022600e-01;2.915450e-01;2.863637e-01;2.650474e-01;7.956408e-01;2.200206e+00;5.285581e-01;-1.073416e+00;-1.736903e+00;6.753382e-03
'unknown';0.280000;5.655618e-01;1.489925e+01;1.944619e+01;2.500956e-01;1.296526e+01;1.090885e+01;2.841009e+00;-9.506851e+00;-7.637017e+00;6.928647e+00;1.465441e+01;4.383295e+00;1.072552e+02;8.984685e-01;2.180163e+00;-1.132953e+00;-8.851840e-01;1.838766e+00;2.553447e+00;3.326794e+00;2.486300e+00;5.057874e+00;2.154065e+00;4.281026e-01;-1.050288e-01;4.683380e-01;9.345242e-02;-4.649531e-01;1.825898e-02;-2.377183e-01;1.548117e-01;-3.175344e-01;-1.945848e-01;6.437637e-01;3.788050e-01;-7.524735e-01;-3.188242e+00;-2.199428e+00;1.625839e-02
'unknown';0.290000;6.012688e+00;1.835637e+01;1.276848e+01;-2.222478e+00;1.448834e+01;1.141952e+01;5.565738e+00;-1.293954e+00;8.636518e+00;9.634392e+00;1.241654e+01;3.322064e-01;1.105838e+02;8.682482e-01;1.138953e+00;7.915050e-01;2.071461e-01;4.593238e-01;1.104298e+00;2.673802e+00;1.454489e+00;1.879063e+00;-7.774250e-01;-4.435642e+00;-3.781063e+00;5.917541e-01;-4.295658e-01;-1.192718e+00;3.851709e-01;3.191211e-01;-4.301941e-01;-5.968791e-01;-8.061720e-01;-5.136820e-01;-1.475003e+00;-1.274391e+00;-2.859548e+00;-9.364988e-01;-2.106820e-01
'unknown';0.300000;4.372468e+00;1.795201e+01;1.648095e+01;-3.789158e-01;1.426676e+01;1.556974e+01;1.700308e+01;4.438170e+00;2.316514e+00;5.212352e+00;-3.169519e+00;-6.162299e+00;1.105399e+02;2.934942e-01;-1.258994e+00;3.424635e-01;-3.724492e-01;8.609873e-01;4.927364e-01;-2.027824e-01;1.098566e+00;-1.128332e+00;-2.296142e+00;-6.748773e+00;-2.914532e+00;2.676033e-01;-5.041620e-01;-1.127627e+00;-1.322179e-02;-3.611688e-02;-9.371067e-01;-9.724863e-01;-1.867009e+00;-6.689323e-01;-7.183930e-01;-7.713441e-01;-5.604874e-01;6.153814e-01;-3.147017e-01
'unknown';0.310000;4.472086e+00;1.597706e+01;2.325129e+01;1.577080e+00;9.895354e+00;1.479280e+01;1.043148e+01;-4.512599e+00;-1.039262e+01;-7.099039e+00;-1.089624e+01;-1.033082e+01;1.101752e+02;-8.036000e-01;-2.041884e+00;8.958485e-01;8.436347e-01;-1.026812e+00;-3.768921e-02;-1.487279e+00;-1.137329e+00;-2.058164e+00;-2.685565e+00;-5.695927e+00;-3.730661e-01;-5.237122e-01;-2.476071e-01;-2.931690e-01;-7.786196e-01;-6.127368e-01;-7.098302e-01;-2.497306e-01;-1.003783e+00;1.724517e-01;1.049016e+00;7.413214e-01;1.532773e+00;1.077401e+00;-2.246686e-01
'unknown';0.320000;2.803334e+00;9.793939e+00;1.591710e+01;-3.511930e+00;1.956669e+01;1.168589e+01;-6.057737e-01;-2.404699e+00;-3.764112e+00;3.814654e+00;-7.433069e+00;-4.857855e+00;1.087975e+02;-7.864170e-01;-1.867555e+00;-1.251234e+00;-1.384013e+00;-2.103700e+00;-1.737992e+00;-3.927712e+00;4.375474e-01;3.434523e+00;-7.485861e-01;-1.744192e+00;1.267880e+00;-5.474373e-01;8.755370e-02;6.871494e-01;-6.278433e-01;-3.236734e-01;-3.466693e-01;4.925660e-01;5.419587e-01;8.387996e-01;8.938087e-01;1.393610e+00;2.639452e+00;2.897437e-01;-3.504067e-02
'unknown';0.330000;2.779255e+00;1.222599e+01;1.752965e+01;3.562202e+00;6.704314e+00;1.317299e+01;6.933771e+00;-3.559166e+00;1.386010e+00;-3.094582e+00;-1.393131e+01;-2.185346e+00;1.088364e+02;1.701684e-01;-2.261124e-02;-2.304745e+00;-2.350756e+00;-1.607483e+00;9.710091e-01;-4.826488e-01;2.647257e+00;4.842717e+00;2.155404e+00;7.259320e-01;-4.852656e-01;-1.240685e-01;3.622820e-01;1.047077e+00;-7.167199e-01;-5.003698e-01;4.751648e-01;5.134370e-01;7.667932e-01;4.353686e-01;-4.681899e-01;1.072103e+00;2.458997e+00;-2.269893e-01;1.329212e-01
'unknown';0.340000;1.286798e+00;1.048977e+01;1.308561e+01;-8.291540e+00;5.343784e+00;7.689683e+00;-8.866271e-01;6.149191e+00;1.359981e+01;-5.328069e-01;-1.037294e+01;-3.895632e+00;1.084721e+02;2.443785e-01;1.167116e+00;-1.196457e+00;-3.936206e-01;-5.820234e-01;2.451218e+00;2.004696e+00;3.400271e+00;-1.097291e-01;2.251423e+00;3.237555e+00;-1.409714e+00;-1.074219e-01;2.940713e-01;8.419490e-01;1.249248e-01;4.055490e-01;4.642041e-01;2.274490e-01;5.849458e-01;-1.103544e+00;-1.612233e+00;-1.711635e-01;1.189058e+00;1.717894e-01;1.157905e-01
'unknown';0.350000;6.081196e+00;1.551609e+01;1.314332e+01;-7.786897e+00;8.969392e+00;2.164595e+01;8.158662e+00;4.446741e+00;5.139004e+00;5.851713e+00;-5.796640e+00;-1.323825e+01;1.097176e+02;4.924124e-01;1.676164e+00;-2.715139e+00;-2.153410e+00;5.881740e-01;4.348911e-01;-6.195170e-01;-4.418480e-01;-2.626988e+00;1.174944e+00;4.108183e+00;-1.692156e-01;-7.911377e-02;-6.823284e-02;-5.609276e-02;7.214770e-01;8.755881e-01;9.939403e-02;-7.605381e-01;-3.204554e-01;-1.634549e+00;-9.776099e-01;-1.389914e+00;7.951806e-02;9.638260e-01;4.240799e-02
'unknown';0.360000;2.374256e+00;1.398447e+01;1.212799e+01;1.945166e-01;1.552403e+01;1.970551e+01;8.805262e+00;1.059370e+01;-6.189254e+00;1.059862e+01;4.687367e+00;-6.379970e+00;1.078198e+02;5.228177e-01;1.492802e+00;-4.214123e-01;5.450590e-01;-8.805081e-01;-3.326876e-01;-9.345492e-01;-3.535622e+00;-8.917915e-01;-1.114173e+00;2.509973e+00;1.968802e+00;9.037781e-03;3.191620e-02;-3.996845e-01;1.387467e+00;1.003721e+00;3.866584e-02;-7.321303e-01;-2.704563e-01;-9.026620e-01;5.365657e-01;-1.651084e+00;-1.025827e+00;2.395115e-01;1.741854e-01
'unknown';0.370000;4.697588e+00;1.885946e+01;4.432764e+00;-1.144788e+01;4.555059e+00;9.339540e+00;-1.009758e+00;-7.990661e+00;-1.854395e+00;-2.785578e+00;-9.205515e-01;-1.789255e+00;1.087669e+02;-3.102154e-01;-4.659180e-01;9.151181e-01;1.557844e+00;-9.612706e-01;-1.439729e+00;-6.153029e-01;-2.057541e+00;3.456987e-01;-3.111366e+00;1.487313e+00;2.644606e+00;2.974167e-02;3.272081e-02;-3.136469e-01;2.039671e+00;1.562882e+00;5.543714e-01;5.683959e-01;9.383695e-01;7.865657e-01;1.270594e-01;-4.717721e-01;-8.536080e-01;-6.702116e-01;1.950090e-01
'unknown';0.380000;4.592690e+00;1.628210e+01;1.533382e+01;-3.735754e+00;3.148410e+00;1.217945e+01;-9.751623e-01;-5.310220e+00;1.263756e+01;-1.785025e+00;-2.611203e-01;2.238785e-01;1.089926e+02;8.052734e-01;2.397347e-01;3.925750e+00;2.769359e+00;3.860281e-01;-2.721240e-01;6.503077e-01;-3.051923e-01;1.086756e+00;-3.860843e+00;-5.811437e-01;-1.619068e+00;7.090775e-01;1.330818e-01;2.709504e-01;8.199434e-01;5.162851e-01;1.008662e+00;5.707541e-01;8.555587e-01;1.589801e+00;-8.959917e-01;1.243598e+00;-3.877299e-01;-1.142061e+00;1.171318e-01
'unknown';0.390000;3.420902e+00;1.203769e+01;1.611599e+01;1.967458e+00;1.035085e+01;1.821033e+01;9.972360e+00;2.110996e+00;-2.545907e+00;-3.513291e+00;4.114171e+00;-3.317146e+00;1.092799e+02;5.147886e-01;7.344635e-01;5.309638e+00;4.548851e+00;2.726763e+00;3.246589e+00;3.279902e+00;1.875766e+00;-2.980965e+00;1.894180e-01;1.385702e+00;-1.726339e+00;5.459114e-01;1.672012e-01;6.232721e-01;-4.619635e-01;-7.553254e-01;6.755837e-01;1.640377e-01;-3.088325e-01;8.906834e-01;-4.002320e-01;2.142464e+00;-1.285745e-01;-5.946223e-01;4.997247e-03
'unknown';0.400000;7.038966e+00;1.859403e+01;2.591512e+01;7.333644e+00;1.455628e+01;1.390949e+01;6.565741e+00;4.016912e+00;-4.097185e-01;-8.341737e+00;-7.357125e-01;-1.371136e+01;1.111087e+02;7.757248e-01;2.247364e+00;1.481045e+00;1.630981e+00;2.318787e+00;1.779240e-01;1.395642e+00;2.446730e+00;-3.708418e+00;3.453425e+00;6.221292e-01;-1.556028e+00;3.366119e-01;-2.416117e-01;-8.532672e-02;-1.675287e+00;-1.588107e+00;-1.668251e-01;-1.722858e-01;-1.123694e+00;-2.756274e-01;3.062211e-01;1.566172e+00;-1.340167e-01;7.579929e-01;-2.179514e-01
'unknown';0.410000;6.048394e+00;2.137581e+01;2.569030e+01;5.761678e+00;1.248494e+01;2.470746e+01;1.161930e+01;-3.275398e+00;-1.023558e+01;1.439867e+00;6.245256e+00;-3.453327e+00;1.104384e+02;5.405651e-01;1.646628e+00;-1.723469e-01;-1.649594e+00;1.450269e+00;-8.445643e-01;-2.532133e+00;1.019914e+00;7.421259e-01;3.943821e+00;2.428043e-01;-3.600246e-01;2.409607e-01;-4.106864e-01;-8.575012e-01;-1.658881e+00;-1.486499e+00;-1.093801e+00;-6.846114e-01;-9.648612e-01;-9.460620e-01;1.218307e+00;-8.597109e-01;-8.578068e-01;7.986981e-01;-2.496077e-01
'unknown';0.420000;7.157568e+00;2.284986e+01;1.795189e+01;2.522039e+00;1.367530e+01;9.820502e+00;5.179577e+00;9.616629e+00;-2.059699e+00;1.300552e+01;1.783983e+00;-7.488172e+00;1.100964e+02;-4.156733e-01;-6.429809e-01;-1.709691e+00;-2.071955e+00;1.901500e-01;9.120237e-01;-2.062147e+00;-1.255404e+00;7.563160e-01;2.092816e+00;-6.797783e-01;1.487740e+00;-2.282043e-01;-4.420162e-01;-1.193552e+00;-5.051338e-01;-2.083298e-01;-1.264307e+00;5.180995e-01;8.722021e-01;-8.594554e-01;6.649147e-01;-2.014306e+00;-1.387055e-01;9.909021e-01;-2.077171e-01
'unknown';0.430000;6.064426e+00;1.814291e+01;1.923587e+01;-3.874709e+00;1.804268e+01;1.603200e+01;-1.995221e+00;4.410710e+00;1.989712e+00;5.532185e+00;4.068345e+00;-8.228865e+00;1.109909e+02;-9.429443e-01;-2.107870e+00;-1.389398e+00;-1.032177e+00;-1.677922e+00;-5.435178e-01;1.844901e-01;-1.003477e+00;8.782050e-01;-3.428832e+00;-2.252378e+00;7.452677e-01;-4.197189e-01;-1.412517e-01;-3.252545e-01;-8.886705e-02;8.984348e-01;-9.550081e-01;5.334181e-01;1.826110e+00;-1.445744e-01;6.851228e-02;-1.148264e+00;4.946877e-02;3.789691e-01;-8.627625e-02
'unknown';0.440000;4.952583e+00;1.699557e+01;2.059388e+01;1.792065e+00;1.272816e+01;2.280734e+01;3.062269e+00;-6.103161e+00;-2.740786e+00;7.618266e-02;-3.046148e+00;-3.884894e+00;1.096915e+02;-6.926014e-01;-1.843147e+00;-4.360983e-01;2.806232e-01;-2.438650e+00;2.617898e+00;4.398341e+00;-8.388509e-01;-4.518844e-01;-2.931776e+00;1.176193e+00;2.845836e+00;-3.716339e-01;1.254730e-01;5.110872e-01;-1.177372e-02;9.461147e-01;4.057240e-01;-1.748603e-01;1.716723e-01;1.370727e-01;7.232186e-02;5.729252e-01;4.276897e-01;-2.431709e-01;9.525070e-02
'unknown';0.450000;2.436164e+00;1.376360e+01;1.742232e+01;9.657822e-01;4.568898e+00;1.549646e+01;1.360041e+01;-4.328911e-01;-5.504014e+00;-9.239621e+00;-2.601567e+00;-1.528628e+00;1.085423e+02;-2.722945e-02;6.204382e-01;-1.253478e+00;1.666291e+00;-2.010372e+00;9.695889e-01;3.368173e+00;8.876572e-02;1.688787e+00;7.147950e-01;-4.378374e-01;8.557728e-01;-1.187057e-01;1.781669e-01;6.942601e-01;-7.550955e-04;3.743568e-01;1.459373e+00;-7.265127e-01;-2.304682e+00;-1.857257e-01;1.224898e-01;1.580381e+00;1.023176e-01;-6.672561e-01;1.286785e-01
'unknown';0.460000;5.508692e+00;1.582377e+01;1.667818e+01;1.504910e+00;8.218943e+00;2.317777e+01;1.937347e+01;7.844175e+00;-5.722575e-01;5.732546e+00;1.099990e+01;3.390892e+00;1.094625e+02;-2.461659e-01;5.483012e-01;-1.836519e+00;1.309385e+00;2.384995e+00;-7.188309e-01;-2.795627e+00;-1.116162e+00;7.126341e-01;2.885628e+00;5.514003e-01;2.166328e-01;9.754257e-02;1.240191e-01;2.933822e-01;1.301194e-01;-3.049319e-01;1.522239e+00;-1.646901e+00;-3.172791e+00;-2.758667e-01;-3.183445e-01;4.462375e-01;-6.970398e-01;-9.912310e-01;1.087116e-01
'unknown';0.470000;5.650224e+00;2.183100e+01;1.492633e+01;4.600323e+00;1.024543e+01;2.069473e+01;6.690044e+00;-2.119130e+00;9.349386e+00;6.277978e+00;-5.143868e+00;-7.587893e+00;1.105118e+02;-2.753274e-01;1.677062e-01;-6.929626e-01;3.252265e-01;3.207119e+00;-2.507717e+00;-7.741937e+00;-1.793451e+00;9.083949e-01;1.564373e+00;-1.428393e+00;-1.276411e+00;-1.091461e-02;1.774389e-01;-2.042298e-01;7.889284e-01;-3.799199e-01;5.341078e-01;-1.318516e+00;-8.661467e-01;3.372857e-01;-1.007919e+00;-7.910691e-01;8.604517e-02;-2.018541e-01;1.077380e-01
'unknown';0.480000;2.114724e+00;1.570338e+01;1.265928e+01;6.521720e+00;2.181486e+01;1.661405e+01;-7.460683e+00;-1.084085e+01;-6.604315e+00;6.745526e+00;9.820037e-01;2.279034e-01;1.091944e+02;5.154307e-02;-1.498703e-01;-6.575928e-02;-5.735040e-01;2.563798e+00;-3.877952e+00;-5.910560e+00;-1.277076e+00;-1.653411e+00;-1.125377e+00;-1.813728e+00;-1.044226e+00;1.180283e-01;5.002560e-01;2.261067e-01;1.236463e+00;8.357701e-03;-9.627144e-01;1.826090e-01;2.698764e+00;1.264145e+00;-2.766889e-01;-9.838640e-01;6.948700e-01;1.846662e-01;1.770261e-01
'unknown';0.490000;2.756511e+00;1.466233e+01;1.596695e+01;8.350914e-02;1.380653e+01;6.239735e+00;-1.169220e+01;-5.763090e-02;2.053990e+00;-1.924247e+00;-4.734584e+00;-6.329188e+00;1.086217e+02;7.111108e-01;-5.162496e-02;1.805784e+00;7.081361e-01;5.707655e-01;-4.043433e+00;5.949067e-01;1.855651e+00;-2.167786e+00;-1.235048e+00;1.174953e+00;4.769318e-01;4.097412e-01;4.567580e-01;2.964610e-01;1.045807e+00;5.332866e-01;-8.653036e-01;1.769159e+00;4.405475e+00;1.206160e+00;1.118707e-01;3.204442e-01;1.122779e+00;5.528001e-01;1.534705e-01
'unknown';0.500000;7.213264e+00;1.865876e+01;1.582907e+01;8.957971e-01;1.925738e+01;1.101551e+01;-9.882105e-01;4.280442e-01;-5.191613e+00;4.206774e+00;1.726619e+00;-2.459592e+00;1.109977e+02;1.761895e+00;1.788501e+00;3.096423e+00;1.159719e+00;-1.110401e+00;9.620724e-01;6.529770e+00;3.380015e+00;8.672803e-01;-6.339813e-01;2.724077e+00;2.632927e-01;7.723449e-01;6.545433e-02;1.542683e-02;6.208379e-01;5.415260e-01;-2.698865e-01;2.240549e+00;2.286399e+00;-6.674393e-02;5.982425e-01;1.171048e+00;5.098066e-01;2.949756e-01;-9.246941e-02
'unknown';0.510000;6.656508e+00;2.009519e+01;2.237035e+01;1.095397e+01;1.437800e+01;3.276837e+00;6.428341e+00;1.524679e+00;-2.195897e+00;1.372115e+00;3.585881e-01;-3.859487e+00;1.116589e+02;1.153287e+00;6.808256e-01;2.954983e+00;2.125048e+00;7.177001e-01;3.918067e+00;8.065272e+00;1.908805e+00;2.074029e-01;2.920896e+00;1.916596e+00;8.338302e-01;4.292793e-01;-4.047457e-01;-4.184834e-01;-3.008188e-01;-2.964746e-01;4.202405e-01;1.693037e+00;-5.570878e-01;-1.134173e+00;4.338866e-01;9.149605e-01;-8.502613e-01;-2.520607e-01;-3.086038e-01
'unknown';0.520000;8.974201e+00;2.192945e+01;2.493970e+01;6.885087e+00;1.597713e+01;2.290586e+01;1.612790e+01;5.268068e+00;-1.429704e-01;1.927439e+00;1.205580e+01;3.095164e-01;1.115376e+02;1.577268e-01;-4.389614e-01;2.463831e+00;1.425670e+00;1.140898e+00;3.344042e+00;1.786254e+00;-1.637373e+00;1.502071e-01;2.651891e+00;3.644828e-01;2.522024e-01;-3.540878e-01;-8.098124e-01;-6.592898e-01;-1.016183e+00;-8.437521e-01;-4.163631e-02;-4.923182e-01;-2.654405e+00;-1.554793e+00;-2.141839e-01;-2.296350e-01;-1.445321e+00;-2.740600e-01;-3.729085e-01
'unknown';0.530000;7.642476e+00;1.643111e+01;2.618656e+01;7.714102e+00;1.903516e+01;1.988489e+01;2.007611e+01;7.066381e+00;5.666831e-01;1.381990e+01;-3.161959e-01;-3.544591e+00;1.104982e+02;-5.105335e-01;-1.030311e+00;6.179861e-01;-9.072129e-01;1.546318e+00;3.230766e+00;1.812254e-01;-1.306519e+00;3.601837e-01;1.696818e+00;-1.896557e+00;-7.778269e-01;-5.700615e-01;-6.429052e-01;-1.249232e-01;-1.206630e+00;-9.643140e-01;-6.421875e-01;-1.357326e+00;-2.659121e+00;-1.018449e+00;1.494327e-01;-1.606637e+00;-5.073391e-01;-3.385844e-01;-2.007029e-01
'unknown';0.540000;7.508914e+00;1.829599e+01;2.624013e+01;9.644080e+00;2.263329e+01;1.943169e+01;1.119177e+00;-1.052967e+01;-5.821867e+00;1.124233e+01;3.886426e+00;-1.356028e+00;1.098076e+02;-1.455257e+00;-6.523803e-01;-8.159925e-01;-1.542911e+00;-1.732891e+00;-1.155869e+00;-2.800231e+00;-2.786286e+00;-2.800296e-01;-1.170117e+00;-2.595951e+00;-3.011784e-01;-5.925270e-01;-2.733517e-01;2.520848e-02;-1.221309e+00;-4.814816e-01;-5.660939e-01;-1.177392e+00;-6.431750e-01;7.589877e-01;7.416004e-01;-1.719872e+00;1.253781e-01;-8.172049e-02;2.396782e-02
'unknown';0.550000;4.836484e+00;1.676036e+01;2.481007e+01;5.038405e+00;1.878151e+01;2.116775e+01;1.483883e+01;2.890951e+00;2.444470e+00;5.198759e+00;-5.039506e+00;-6.915849e+00;1.096736e+02;-1.254748e+00;1.629189e-01;-1.438253e+00;-1.212231e+00;-1.056343e+00;-6.186098e-01;-2.937092e+00;-2.608985e+00;1.169685e+00;-3.201284e+00;8.601176e-01;-5.824012e-01;-4.550156e-01;1.281008e-01;7.131337e-02;-6.666520e-01;2.519588e-01;-1.293999e-01;-5.806905e-01;1.562440e-01;1.258179e+00;5.452058e-01;-1.039869e+00;6.592313e-01;3.094679e-01;9.624191e-02
'unknown';0.560000;3.100914e+00;1.850292e+01;2.154798e+01;5.083791e-01;7.439494e+00;1.648509e+01;4.745382e+00;-6.575649e+00;-2.482012e+00;3.874222e-01;1.437707e+00;4.892538e-01;1.089872e+02;-8.369244e-01;-9.095339e-01;-2.614597e+00;-8.292286e-01;-3.882410e-01;-6.182289e-01;1.295377e-01;2.808799e+00;3.453458e+00;-3.498420e+00;-3.869638e-01;-2.541129e-01;-2.917717e-01;3.503955e-01;-1.391095e-01;-8.020756e-02;4.062921e-01;6.847813e-01;2.314227e-01;1.071913e+00;1.487893e+00;1.626734e-01;1.350351e-01;8.158368e-03;7.312785e-02;1.211688e-01
'unknown';0.570000;3.572737e+00;1.714224e+01;2.134136e+01;6.220796e+00;2.135034e+01;1.826514e+01;3.577546e+00;-7.955556e+00;4.745181e+00;3.240939e+00;5.208751e+00;-7.379237e+00;1.086333e+02;-1.791955e-01;-5.451673e-01;-1.815972e+00;-4.260254e-03;2.269936e-01;5.849323e-02;-5.024389e-01;2.186836e+00;1.219469e+00;-2.338377e+00;2.951067e-01;7.459797e-01;-2.392296e-01;2.629806e-01;-5.752999e-02;2.852880e-01;3.590474e-01;1.460350e-01;-1.788341e-01;6.178268e-01;1.786387e-02;-1.469560e+00;8.459436e-01;-1.049449e+00;1.777753e-01;7.744644e-02
'unknown';0.580000;3.956165e+00;1.355739e+01;1.490149e+01;4.906742e+00;1.940767e+01;1.779185e+01;7.397507e+00;8.937578e+00;1.029507e+01;-5.270857e+00;-3.172522e+00;-2.394899e+00;1.088689e+02;-2.410551e-01;-9.938849e-01;-1.028171e+00;-1.154362e-01;1.049347e+00;-3.373064e-01;1.342010e+00;2.255268e+00;5.084454e-01;-9.263956e-01;-2.272653e+00;-5.997295e-01;-9.457626e-02;2.345405e-01;3.953676e-01;6.087349e-01;2.725045e-01;-2.691897e-01;-3.731224e-01;-5.933040e-02;-1.668651e+00;-2.094345e+00;1.489020e+00;-3.045114e-01;-1.642690e-02;1.194075e-01
'unknown';0.590000;3.512882e+00;1.650730e+01;1.905345e+01;2.817922e+00;1.393239e+01;2.080683e+01;1.100057e+01;6.068516e+00;2.153272e+00;-3.663984e+00;-1.258858e+00;-1.743875e+00;1.085366e+02;-2.377793e-01;-8.255558e-02;-8.050259e-01;2.261093e-01;-1.044961e+00;-1.653242e+00;-4.541944e-01;-2.242900e+00;-4.705607e+00;-2.575780e-01;-3.444283e+00;4.792835e-01;-1.663811e-01;2.882663e-01;5.881517e-01;4.080479e-01;1.055016e-01;1.171952e-01;-2.310317e-01;-2.239823e-01;-1.028691e+00;-6.729349e-01;1.264513e+00;4.145302e-01;2.409318e-02;1.679370e-01
'unknown';0.600000;1.925567e+00;1.385097e+01;1.755108e+01;1.632635e+00;1.639520e+01;1.352771e+01;7.743921e+00;-2.311347e+00;1.356170e+00;-7.920946e-01;-6.691755e+00;-5.327075e+00;1.085627e+02;3.650697e-01;8.359984e-01;-7.639551e-02;4.181094e-01;-1.098212e+00;-1.627973e+00;-1.912366e-01;-3.319589e+00;-4.055728e+00;2.906279e+00;-3.982573e-02;-2.028994e-01;2.688416e-01;3.605577e-01;7.072698e-01;5.332261e-01;-2.108078e-01;1.174063e-01;2.089799e-01;-6.828570e-01;-3.777356e-01;8.042041e-01;6.520817e-01;1.235893e+00;2.001518e-01;2.002499e-01
'unknown';0.610000;3.399140e+00;1.658267e+01;1.599144e+01;8.988396e+00;1.763177e+01;1.213100e+01;1.133367e+00;-1.354560e+01;-1.431341e+01;-2.863327e-01;-1.025305e+01;-3.516731e+00;1.079545e+02;9.590735e-01;1.480650e+00;-2.516205e-01;2.564752e-01;1.886749e+00;-4.513317e-01;-8.557268e-01;-1.691898e-01;1.368807e-01;2.067851e+00;1.251344e+00;6.680305e-01;4.187462e-01;1.759918e-01;3.879448e-01;9.361230e-01;-4.691979e-01;1.280368e-01;5.446924e-01;-1.832300e-01;1.129253e+00;2.388916e+00;1.721075e-01;1.248464e+00;-2.786554e-01;1.954025e-01
'unknown';0.620000;5.838384e+00;1.769969e+01;1.605052e+01;3.912052e+00;1.206692e+01;1.398989e+01;1.137493e+01;2.146689e+00;-1.750232e+00;7.571712e+00;1.125444e+00;-2.522967e+00;1.105041e+02;9.633072e-01;1.760862e+00;1.361257e+00;-1.184658e+00;1.705229e-01;1.066383e-01;-1.871508e+00;-6.702656e-01;2.108222e+00;1.171299e+00;1.559000e+00;3.066559e-01;6.141098e-01;-1.209260e-01;-4.903904e-02;7.383946e-01;-1.509668e-01;-4.339058e-01;1.847526e-01;-2.841870e-01;1.014080e+00;1.412299e+00;-9.200150e-01;1.782974e-01;-3.611625e-01;-7.233391e-02
'unknown';0.630000;6.351840e+00;2.198619e+01;1.854563e+01;2.960590e+00;2.553028e+01;1.831908e+01;4.906435e+00;2.993549e+00;4.390876e+00;2.493366e+00;1.089263e+00;1.942236e-01;1.096596e+02;3.430612e-01;1.394737e+00;3.156763e+00;-1.318496e+00;-1.039145e+00;2.029145e-01;-5.302085e-01;2.078702e+00;4.157001e+00;1.470450e+00;1.998626e+00;-1.168771e+00;6.379974e-01;-5.466565e-01;-8.231871e-01;-7.206472e-02;-1.289985e-02;-1.449173e+00;-3.990534e-01;5.677530e-01;4.266264e-01;-1.716913e-01;-3.371051e-01;-4.956925e-01;-8.922863e-01;-3.012831e-01
'unknown';0.640000;5.265753e+00;1.995352e+01;2.308027e+01;-1.276752e+00;1.329856e+01;1.096686e+01;-3.500155e+00;-1.393225e+01;2.545137e+00;3.674549e+00;-4.567910e+00;-5.649273e+00;1.107807e+02;6.844568e-02;6.337595e-01;1.911386e+00;4.507614e-01;-1.804794e+00;-1.031333e+00;-1.774931e+00;6.268662e-01;9.957058e-01;-1.395095e+00;4.780201e-01;-1.090311e+00;-2.024536e-01;-5.832940e-01;-1.232695e+00;-1.361011e+00;-1.810019e-01;-9.129988e-01;-5.830031e-01;7.147340e-01;1.353786e-01;-9.808214e-01;2.302912e-01;-4.687984e-01;-5.865045e-01;-3.986900e-01
'unknown';0.650000;5.400762e+00;2.242944e+01;2.826038e+01;4.990315e+00;1.182022e+01;1.465709e+01;5.919865e+00;4.887381e+00;4.323913e+00;9.014498e+00;2.586760e+00;-7.797433e+00;1.110062e+02;-1.326778e+00;-2.071734e+00;-8.870083e-01;-6.257339e-01;-4.371456e+00;-1.877613e+00;1.934749e+00;1.315377e+00;-1.653180e-01;1.665522e+00;-6.866285e-01;-3.094917e+00;-6.793877e-01;-3.944201e-01;-1.169054e+00;-1.749567e+00;-6.629146e-01;8.242106e-03;6.093973e-02;5.770870e-01;-8.872659e-01;-1.188249e+00;3.050607e-01;-5.456515e-01;2.730978e-01;-2.384072e-01
'unknown';0.660000;6.656152e+00;2.064686e+01;2.075007e+01;5.150996e+00;9.897975e+00;1.066422e+01;1.993556e+00;4.334105e+00;3.261780e+00;-2.664330e+00;2.766797e+00;-3.978695e+00;1.088186e+02;-1.118243e+00;-2.669379e+00;-3.421911e+00;-2.436049e+00;-2.728315e+00;-1.768113e+00;4.696824e-01;3.882901e-01;-6.347264e-01;2.225219e+00;5.576351e-01;-1.662793e+00;-7.206475e-01;8.696167e-02;-4.222243e-01;-7.277763e-01;-4.122768e-01;9.181112e-01;9.866682e-01;9.294778e-01;-1.600346e-01;-1.397760e-01;4.112360e-01;-8.261369e-02;9.333347e-01;1.705657e-01
'unknown';0.670000;-9.772498e-01;1.128084e+01;1.527569e+01;-3.381954e+00;5.373291e+00;9.082336e+00;1.183332e+01;4.372548e-01;3.205965e+00;1.399042e+01;-6.011232e+00;-1.611565e+01;1.072437e+02;-1.035695e+00;-2.798964e+00;-2.924425e+00;-3.189664e+00;-5.361735e-01;8.760033e-01;1.232920e+00;-2.238339e+00;-9.690273e-01;1.185596e+00;-7.694390e-01;4.829590e-01;-2.949417e-01;7.504063e-01;8.286150e-01;5.182069e-01;8.250271e-01;1.719302e+00;1.502992e+00;5.512450e-01;4.030343e-01;7.419226e-01;-1.170017e+00;2.141370e-01;1.484240e+00;3.477415e-01
'unknown';0.680000;2.863544e+00;1.218093e+01;1.246306e+01;-9.270864e+00;2.880453e+00;4.913674e+00;-4.108473e+00;-9.765735e+00;-6.952161e-02;1.231268e+01;2.519261e+00;-9.804131e+00;1.090587e+02;3.577126e-01;-1.113748e+00;-7.087874e-01;-3.286574e-01;8.681211e-01;2.525200e+00;3.223372e+00;1.603551e+00;6.986803e-01;9.010473e-01;1.063570e-01;1.787424e+00;4.581520e-01;5.812368e-01;1.153675e+00;1.437426e+00;1.984935e+00;1.660232e+00;9.807539e-01;9.632869e-01;1.079497e+00;1.562837e+00;-1.446142e+00;2.323735e-01;7.859763e-01;2.960968e-01
'unknown';0.690000;2.118590e+00;1.266759e+01;1.778176e+01;-3.747077e+00;1.264812e+01;2.191238e+01;1.513548e+01;7.456036e-01;1.144426e+00;7.453973e+00;-1.136667e+00;-2.469921e+00;1.094114e+02;1.687276e+00;1.293525e+00;3.474643e-01;2.445706e+00;2.426834e+00;3.490690e+00;3.314130e+00;2.722917e+00;2.877592e+00;-3.522478e+00;6.096956e-01;2.601171e+00;4.699203e-01;2.621578e-01;1.019377e+00;1.459887e+00;1.789637e+00;8.003432e-01;-4.508660e-01;-1.598131e-01;8.399024e-01;1.155645e+00;-1.007019e+00;6.040281e-01;1.174632e-01;7.880890e-02
'unknown';0.700000;6.896795e+00;1.438475e+01;1.595310e+01;3.690271e+00;1.060117e+01;1.687520e+01;1.645934e+01;1.219769e+01;7.785950e+00;5.109128e+00;8.612989e-01;-1.864437e+00;1.100255e+02;4.264558e-01;1.052751e+00;2.129274e+00;4.670941e+00;4.091343e+00;1.828313e+00;4.245512e+00;3.305145e+00;5.256148e+00;-2.651456e+00;1.029935e+00;1.207982e+00;3.774056e-01;-2.934007e-01;5.408553e-01;1.291760e+00;4.420614e-01;-4.353703e-02;-1.295655e+00;-1.220589e+00;-5.987455e-01;-2.219382e-01;-4.098235e-02;4.255224e-01;-7.904671e-02;-1.033127e-01
'unknown';0.710000;5.442502e+00;1.664656e+01;1.526799e+01;2.366008e+00;1.364710e+01;2.055502e+01;1.812007e+01;3.070132e+00;1.366619e+01;-2.019652e-02;-2.133773e+00;-7.079641e+00;1.091099e+02;2.407221e-01;1.214672e+00;2.955981e+00;3.258721e+00;1.853931e+00;-1.029884e+00;-7.721539e-02;1.110376e+00;2.530462e+00;-2.073248e+00;1.788912e+00;1.359996e+00;1.394760e-01;-3.675290e-01;7.109310e-02;7.935020e-01;-4.745835e-01;-6.282843e-01;-1.489714e+00;-1.706484e+00;-7.955931e-01;-1.766793e+00;1.050350e+00;-6.146545e-01;-6.538155e-01;-1.208440e-01
'unknown';0.720000;3.333867e+00;1.545520e+01;2.436632e+01;1.102730e+01;2.283768e+01;1.473392e+01;1.562679e+01;5.597725e+00;1.995034e+01;2.792487e+00;8.167490e+00;-1.459363e+00;1.110965e+02;-3.860143e-01;1.629956e+00;4.445756e+00;1.475142e+00;9.368874e-01;-1.692788e+00;-1.183901e+00;-5.839056e-01;-2.374456e-01;-2.847951e-02;1.644361e+00;2.012779e+00;1.068108e-01;1.400459e-01;3.392998e-02;-2.650511e-01;-1.131498e+00;-8.870817e-01;-3.327067e-01;-1.828207e+00;-6.707922e-01;-1.984288e+00;5.341210e-01;-1.331087e+00;-9.138862e-01;-2.259721e-01
'unknown';0.730000;5.103664e+00;1.820572e+01;2.835506e+01;8.878016e+00;1.579952e+01;1.783360e+01;1.516568e+01;9.597462e+00;7.714540e+00;-1.753946e+00;4.154799e+00;4.127522e+00;1.095733e+02;2.558655e-01;1.360389e+00;3.156733e+00;1.670688e+00;8.626401e-01;-2.197330e+00;-2.503585e+00;6.894768e-01;-3.209577e+00;4.177846e-01;-2.770790e+00;-1.070304e+00;9.979248e-04;2.166911e-01;-3.617465e-01;-1.020013e+00;-7.158741e-01;-2.095042e-01;9.411623e-01;-5.054578e-01;-3.323657e-01;-5.290268e-01;1.162011e-01;-1.259034e+00;-1.338045e+00;-2.099274e-01
'unknown';0.740000;5.136142e+00;2.175494e+01;3.163835e+01;7.809978e+00;1.420940e+01;9.771969e+00;1.201703e+01;6.014492e+00;9.574546e+00;5.833605e+00;5.938817e+00;2.595873e+00;1.103279e+02;1.119113e+00;1.149543e+00;7.036422e-01;-1.925338e-01;1.515804e-01;7.485024e-01;-3.682339e+00;1.616333e-01;-1.795275e+00;-1.226368e+00;-3.345649e+00;-2.146299e+00;-6.832161e-01;4.853263e-02;-5.370332e-01;-1.518628e+00;-6.802475e-01;-1.962676e-01;1.475836e+00;6.531383e-01;-1.308630e-01;-7.368632e-02;-6.336451e-01;-1.489644e-01;-7.478164e-01;-1.987884e-01
'unknown';0.750000;5.820693e+00;2.029863e+01;2.741564e+01;1.232811e+01;2.227444e+01;1.204935e+01;7.407023e+00;6.309133e+00;2.806200e+00;5.481673e-01;-1.487339e+01;-1.445878e+01;1.094992e+02;5.716137e-01;-3.538546e-01;-2.730293e-01;5.131885e-01;1.199063e+00;2.455283e+00;-1.355285e+00;-9.242224e-01;6.642426e-01;-8.932985e-01;-2.011253e+00;-3.250692e+00;-5.151474e-01;-2.418822e-01;-2.789354e-01;-1.187089e+00;-9.393834e-01;-7.526444e-01;6.931489e-01;1.504423e+00;-1.104174e-01;5.032388e-01;1.026659e-01;1.923718e+00;1.151119e+00;-5.204750e-02
'unknown';0.760000;8.570920e+00;2.015646e+01;2.835424e+01;8.339583e+00;2.035812e+01;2.136856e+01;1.094424e+00;8.050056e+00;1.342813e+01;-4.490409e+00;9.533392e-01;-2.897708e+00;1.077174e+02;-3.012253e-01;-1.980888e-01;-1.432504e+00;-1.347346e+00;-2.126621e-01;3.360088e+00;1.507641e+00;-4.313712e-01;-2.542787e+00;-2.541163e+00;5.197702e-01;-6.361095e-01;-6.290588e-01;-3.985860e-01;1.145973e-02;-6.924151e-01;-8.010521e-01;-6.129230e-01;-8.032535e-01;1.148527e+00;-1.805193e-01;-1.113594e-01;1.408841e+00;1.912890e+00;1.720654e+00;2.234858e-01
'unknown';0.770000;6.244344e+00;1.723569e+01;2.863196e+01;1.117916e+01;1.872047e+01;2.431172e+01;1.385056e+01;3.958568e+00;9.108961e+00;-1.058432e+00;-3.408726e+00;-9.379145e+00;1.083028e+02;-2.433762e-01;6.395273e-01;-1.710638e+00;-2.448823e+00;-2.718461e+00;-3.737793e-02;2.423542e+00;4.338920e-01;-3.196274e-01;1.588512e+00;4.915090e+00;3.930198e+00;-2.863182e-01;-1.266708e-01;1.112469e-02;-5.701643e-01;-8.889046e-01;-4.657957e-01;-1.359191e+00;-6.894597e-02;1.893904e-02;-7.135735e-02;1.932912e+00;1.014235e+00;1.319280e+00;2.184796e-01
'unknown';0.780000;3.418190e+00;2.229597e+01;2.386767e+01;1.647725e+00;1.492307e+01;2.044122e+01;1.633347e+01;5.032918e+00;-6.290768e+00;-6.068913e+00;2.805339e+00;-3.124492e+00;1.077808e+02;-4.663216e-01;7.101505e-01;-2.039629e+00;-2.716788e+00;-9.542729e-01;-2.021435e+00;1.708832e-01;-1.420021e+00;-1.860138e+00;4.576931e+00;2.755632e+00;2.866525e+00;3.197983e-01;1.893644e-01;-4.538580e-01;-1.246343e-01;2.740290e-01;2.734338e-01;-7.072344e-01;-9.677501e-01;-2.675158e-01;8.165151e-01;1.536789e+00;-5.708512e-01;-7.644402e-01;1.551407e-01
'unknown';0.790000;7.180177e+00;2.242651e+01;2.110574e+01;3.429920e+00;1.139966e+01;1.232613e+01;1.190521e+01;9.987162e+00;1.106751e+01;9.279980e+00;8.776061e+00;5.305599e+00;1.080360e+02;2.080812e-02;-7.523508e-01;-2.820289e+00;-3.246613e+00;-7.591102e-01;-1.649909e+00;-1.031636e+00;-3.352025e-01;-3.386879e-02;5.212215e+00;1.941993e+00;1.594391e+00;1.028221e-01;-2.251744e-03;-7.492983e-01;1.830056e-01;8.542193e-01;5.909485e-01;1.694766e-01;-1.245132e+00;-5.365877e-01;-7.735293e-02;-8.743933e-01;-1.795289e+00;-2.270700e+00;-6.015008e-02
'unknown';0.800000;5.771396e+00;2.111180e+01;2.191921e+01;-1.369739e+00;1.924716e+01;1.725418e+01;2.921511e+00;-2.064343e+00;3.148167e+00;1.322504e+01;8.639105e+00;4.092544e+00;1.094498e+02;5.135046e-01;-1.771440e+00;-1.500850e+00;4.216941e-01;1.748318e-01;6.301813e-01;-1.603521e+00;-1.384403e+00;1.396909e+00;3.330929e+00;-8.479376e-01;-3.290407e+00;-4.792557e-02;-2.097599e-01;-4.425525e-01;4.711985e-01;1.208173e+00;5.180920e-01;1.580487e-01;-6.659789e-01;3.123692e-01;-1.059808e-01;-2.791161e+00;-1.698734e+00;-1.430150e+00;-2.500688e-01
'unknown';0.810000;5.171782e+00;1.406602e+01;1.550475e+01;-3.545179e+00;1.276288e+01;1.765570e+01;1.539835e+01;5.831186e+00;4.220150e+00;1.535567e+01;3.384353e+00;-5.015707e+00;1.079824e+02;-7.445480e-01;-1.866169e+00;-1.064999e+00;2.530325e-01;-3.282704e-01;-5.158033e-01;-2.914918e+00;-2.266855e+00;-2.334915e+00;-2.160454e+00;-2.259573e+00;-4.344834e+00;-4.032066e-01;-3.248629e-01;2.437591e-01;7.156236e-01;1.198717e+00;8.977740e-01;-3.371146e-01;-6.834485e-01;2.250364e-01;-5.514851e-01;-2.812544e+00;-8.798521e-01;2.413874e-01;-8.925743e-02
'unknown';0.820000;6.989910e+00;1.761901e+01;1.916391e+01;7.243745e+00;1.511562e+01;2.092734e+01;6.569296e+00;1.888921e-01;4.117460e+00;7.547887e+00;1.261505e+00;-1.441587e+01;1.075679e+02;-1.132443e+00;-9.457030e-01;-5.612808e-01;1.574256e+00;1.420768e+00;-1.798244e+00;-2.217371e+00;1.107652e+00;-1.239518e+00;-5.692538e+00;-3.637253e+00;-1.314614e+00;-6.775314e-01;-2.044487e-01;4.390538e-01;3.987853e-01;8.788878e-02;1.848619e-01;-8.198021e-01;7.680164e-02;1.460761e-01;-5.676423e-01;-1.196606e+00;2.620061e-01;1.829620e+00;7.193993e-02
'unknown';0.830000;2.848179e+00;1.484206e+01;1.715839e+01;3.883404e-01;1.182408e+01;7.910532e+00;-4.493269e+00;-2.473733e+00;-1.091711e+00;1.316289e+00;1.166998e+00;-7.164361e+00;1.069609e+02;-7.805327e-01;5.357637e-02;2.880448e-01;2.170689e+00;3.106792e+00;-2.121269e+00;-4.141953e+00;-4.560479e-01;-1.473080e+00;-4.338772e+00;-1.062610e+00;1.813432e+00;-2.866211e-02;3.613347e-01;4.925834e-01;1.647649e-01;-4.565786e-01;-5.683249e-01;-1.998658e-01;9.495745e-01;-3.036446e-01;6.454227e-02;1.316837e+00;5.875157e-01;1.135706e+00;2.329139e-01
'unknown';0.840000;1.270981e+00;1.599527e+01;1.828598e+01;4.534781e+00;2.682039e+01;1.313554e+01;1.780471e+00;7.626376e+00;-3.934933e-01;-8.217960e+00;-8.438481e+00;-1.406200e+00;1.065729e+02;-4.907466e-01;-5.360435e-01;-1.834455e-01;-9.769011e-02;-6.183897e-01;-2.666096e+00;-6.059945e-01;-1.559426e+00;-1.872220e+00;-1.562944e+00;-1.363880e-01;2.778560e+00;1.245018e-01;5.519366e-01;2.862222e-01;8.898635e-02;-7.316125e-01;-1.419304e+00;5.292228e-01;1.047111e+00;-1.022014e+00;-1.754741e-01;2.728011e+00;7.750228e-01;-5.465674e-01;2.956449e-01
'unknown';0.850000;4.128583e+00;1.514577e+01;1.738394e+01;8.662745e+00;2.244445e+01;1.094525e+01;-2.916998e+00;-1.677954e-01;-8.897746e-01;1.544733e+00;2.921295e+00;-2.453385e+00;1.083366e+02;7.412771e-01;3.919182e-01;-4.300924e-01;-1.193887e+00;-2.150316e+00;-1.081206e+00;1.027267e+00;-2.451540e+00;-1.695853e+00;2.358932e+00;-1.072426e+00;-7.128915e-01;3.603462e-01;4.959813e-01;3.289344e-01;3.372348e-01;-2.778072e-01;-7.617851e-01;1.107652e+00;1.803209e+00;2.764803e-01;2.117395e-01;2.256544e+00;6.215833e-01;-1.313277e+00;1.817593e-01
'unknown';0.860000;3.895975e+00;1.478694e+01;1.813391e+01;2.618091e+00;6.713486e+00;6.079500e+00;2.751188e+00;-8.761207e+00;-5.344607e+00;-3.810548e-01;-2.975834e-01;-2.878561e+00;1.075026e+02;8.663351e-01;3.162369e-01;2.427195e-01;-4.015185e-01;-3.047199e+00;3.278383e-01;4.335726e-01;-3.004674e+00;-2.005502e+00;4.598662e+00;2.427693e-01;-2.784290e+00;6.061890e-01;3.400998e-01;5.027643e-01;4.720660e-01;7.158900e-01;1.185108e+00;1.722341e+00;1.428478e+00;1.488221e+00;8.309900e-01;1.096694e+00;1.097638e+00;-7.337764e-01;1.253211e-01
'unknown';0.870000;5.242067e+00;1.740582e+01;1.508397e+01;-4.622750e+00;1.112595e+01;6.032521e+00;1.577058e-01;-6.537639e+00;-7.095419e+00;9.192499e+00;-8.265583e+00;-9.992638e+00;1.082978e+02;1.020833e+00;1.272108e+00;1.761136e+00;9.335667e-01;5.122709e-01;1.920025e+00;4.354306e+00;1.648977e+00;-3.477416e-01;3.863147e+00;1.855728e+00;-1.971528e+00;6.392906e-01;-6.499257e-02;2.717700e-01;3.629940e-01;7.898661e-01;1.280401e+00;1.253421e+00;6.027704e-01;1.674592e+00;1.409087e+00;-7.338794e-01;1.428337e+00;1.188182e+00;-2.381057e-02
'unknown';0.880000;5.045914e+00;1.644643e+01;2.064957e+01;9.169936e+00;1.724365e+01;1.723110e+01;2.410982e+00;-4.212071e+00;-7.318183e+00;1.095147e+01;-1.631196e+00;-1.155802e+01;1.096233e+02;1.069975e+00;1.537683e+00;1.081270e+00;2.418033e+00;3.975859e+00;4.444992e+00;4.872875e+00;3.831422e+00;1.608674e+00;3.168419e+00;3.887725e+00;-2.610038e-01;6.116349e-01;-1.809886e-01;1.094403e-01;7.492849e-02;2.417824e-01;4.703573e-01;4.680005e-02;-2.593456e-01;1.072757e+00;1.585719e+00;-1.986135e+00;3.331034e-01;1.624231e+00;-1.502554e-01
'unknown';0.890000;8.657779e+00;2.067657e+01;2.493179e+01;1.005466e+01;1.974072e+01;1.496958e+01;1.902464e+01;5.802524e+00;-1.641695e+00;1.519421e+01;1.286674e+01;-7.971294e+00;1.104727e+02;3.144945e-01;1.140045e+00;9.656021e-01;1.345668e+00;7.401569e-01;3.127324e+00;1.821468e+00;2.503374e+00;3.542491e+00;-5.953431e-01;4.246780e+00;3.966375e+00;2.385704e-01;-3.507587e-01;-3.812409e-01;-2.265749e-01;-1.569832e-01;-8.801649e-01;-9.972328e-01;-1.436526e+00;-7.055997e-01;1.966802e-01;-2.162739e+00;-8.852849e-01;9.915029e-01;-2.211179e-01
'unknown';0.900000;7.537993e+00;2.083998e+01;1.861635e+01;7.369553e+00;2.228539e+01;2.383593e+01;1.768210e+01;4.225824e+00;-2.809837e-02;1.246019e+01;8.574882e+00;-5.194252e+00;1.094733e+02;3.145612e-01;9.294699e-01;1.015129e+00;6.013430e-01;-8.093551e-01;-4.181089e-02;4.032639e-01;1.931912e+00;3.977977e+00;-3.102768e+00;7.127605e-01;2.367911e+00;5.527191e-02;-3.175696e-01;-8.341476e-01;-3.163440e-01;-4.330970e-01;-1.319225e+00;-1.852586e+00;-8.124464e-01;-7.199827e-01;-7.449833e-01;-9.470448e-01;-1.421982e+00;-5.675875e-01;-1.948132e-01
'unknown';0.910000;5.568500e+00;2.090927e+01;2.092859e+01;3.005780e+00;1.230587e+01;1.836673e+01;1.629486e+00;1.760285e+00;6.971996e+00;5.461423e+00;7.865279e+00;6.657354e+00;1.095656e+02;-3.552539e-01;-3.299900e-01;6.613323e-01;1.056996e+00;-1.495946e+00;-8.227380e-01;-5.935197e-01;-9.292659e-01;-5.489919e-01;-3.814956e+00;-9.832143e-01;1.671529e+00;-1.881172e-01;-6.863288e-02;-9.248627e-01;-7.672982e-01;-4.434727e-01;-2.354366e-01;-8.770657e-01;7.746128e-01;-1.454058e-01;-1.201536e+00;1.028347e+00;-1.234182e+00;-1.834816e+00;-1.018440e-01
'unknown';0.920000;8.163360e+00;2.097743e+01;2.772681e+01;1.570109e+01;1.691431e+01;1.532347e+01;1.312488e+01;7.468609e+00;8.264854e+00;3.040200e-01;4.433338e+00;-7.032793e+00;1.103532e+02;-1.829989e-01;-1.898037e+00;-3.483147e-01;3.968838e-01;-1.502214e+00;-2.842907e+00;2.018137e+00;1.947829e+00;-7.050047e-02;4.300167e-02;-6.071893e-01;-1.951518e+00;-1.490875e-01;-7.463827e-02;-4.034423e-01;-6.664475e-01;-7.985616e-01;3.868208e-01;6.947301e-01;9.130770e-01;5.884495e-02;-3.255709e-01;2.215259e+00;-3.155739e-02;-9.031459e-01;-6.898148e-02
'unknown';0.930000;6.568826e+00;1.895789e+01;2.368322e+01;1.117387e+01;1.494654e+01;1.511212e+01;1.833565e+01;-4.651984e-01;-8.533131e+00;2.197509e+00;1.002144e+01;1.305623e+00;1.090922e+02;2.201101e-01;-2.070515e+00;-2.189167e+00;-7.694665e-01;-9.059648e-02;1.425433e-01;4.887095e+00;1.768387e+00;-4.409479e-01;2.973506e+00;-1.264155e+00;-3.047991e+00;-1.684700e-01;2.136065e-02;5.894738e-01;2.155027e-01;-5.370577e-01;8.911842e-01;1.294527e+00;-3.183865e-01;-8.405894e-03;6.467142e-01;1.303918e+00;1.979857e-01;-6.823979e-02;-4.647209e-02
'unknown';0.940000;6.122836e+00;1.232548e+01;1.549746e+01;5.269927e+00;1.345399e+01;1.124870e+01;1.941970e+01;1.507771e+01;7.371963e+00;1.430715e+01;4.460854e+00;-1.227598e+01;1.089646e+02;-3.463121e-01;-2.174795e-01;-8.918589e-01;-2.478234e+00;4.220739e-01;2.949199e+00;2.228342e+00;8.773108e-01;2.296100e+00;4.579295e+00;6.954437e-01;2.119414e-01;-2.994591e-01;-4.916054e-02;1.356235e+00;1.225084e+00;2.502334e-01;1.008034e+00;1.215755e+00;-2.020236e+00;-1.302173e+00;-4.174333e-01;-9.381906e-01;1.513983e-01;1.185053e+00;-8.471390e-02
'unknown';0.950000;7.689312e+00;1.488267e+01;1.609743e+01;4.374029e+00;1.358304e+01;2.111683e+01;2.291755e+01;6.797669e+00;5.213703e+00;1.332739e+01;1.530747e+00;-5.961007e+00;1.094175e+02;-1.667940e-01;1.777100e+00;2.010618e+00;-1.907338e-01;1.997831e+00;2.753844e+00;-2.290554e+00;-4.360362e-01;1.501279e+00;4.364897e-01;-6.446021e-01;2.486006e-01;-3.452919e-01;-1.062996e-01;1.080463e+00;1.386925e+00;7.984416e-01;5.964043e-01;-2.580945e-01;-2.669595e+00;-1.176976e+00;-1.146889e+00;-2.113436e+00;3.999554e-02;9.610163e-01;-8.526474e-02
'unknown';0.960000;5.871556e+00;2.192765e+01;2.706042e+01;6.709843e+00;1.970642e+01;2.706711e+01;2.197564e+01;8.223729e+00;1.287194e+01;1.763556e+01;1.215590e+01;-2.339771e+00;1.086932e+02;-2.353495e-01;2.959330e+00;3.677215e+00;1.358684e+00;2.493741e+00;1.930216e+00;-4.494222e+00;-3.460826e+00;-3.128780e+00;-3.379443e+00;-1.599738e-01;2.325453e+00;-4.842461e-01;4.881254e-02;8.471203e-02;2.591788e-01;7.567644e-01;-1.451677e-02;-1.172867e+00;-1.381402e+00;-6.242856e-01;-1.621590e+00;-1.917731e+00;-5.064753e-01;-4.031509e-04;-3.489915e-03
'unknown';0.970000;5.860497e+00;2.304231e+01;2.795483e+01;9.500242e+00;2.180947e+01;2.097213e+01;5.604912e+00;7.816109e-01;-3.776725e+00;2.715754e+00;2.950906e+00;-2.419478e+00;1.075014e+02;-3.668691e-01;1.743395e+00;2.460922e+00;1.304283e+00;1.855591e+00;-6.384379e-01;-5.099599e+00;-1.947424e+00;-3.462952e+00;-3.614307e+00;-6.364682e-01;7.003349e-01;-5.024002e-01;5.667256e-02;-6.290598e-01;-7.519568e-01;-4.191368e-02;-6.068794e-01;-8.656899e-01;5.801185e-01;2.844475e-01;-3.203510e-01;-4.774975e-02;-3.918216e-02;-2.838596e-01;9.364754e-02
