file,pcm_fftMag_mfcc[0],pcm_fftMag_mfcc[1],pcm_fftMag_mfcc[2],pcm_fftMag_mfcc[3],pcm_fftMag_mfcc[4],pcm_fftMag_mfcc[5],pcm_fftMag_mfcc[6],pcm_fftMag_mfcc[7],pcm_fftMag_mfcc[8],pcm_fftMag_mfcc[9],pcm_fftMag_mfcc[10],pcm_fftMag_mfcc[11],pcm_fftMag_mfcc[12],pcm_fftMag_mfcc_de[0],pcm_fftMag_mfcc_de[1],pcm_fftMag_mfcc_de[2],pcm_fftMag_mfcc_de[3],pcm_fftMag_mfcc_de[4],pcm_fftMag_mfcc_de[5],pcm_fftMag_mfcc_de[6],pcm_fftMag_mfcc_de[7],pcm_fftMag_mfcc_de[8],pcm_fftMag_mfcc_de[9],pcm_fftMag_mfcc_de[10],pcm_fftMag_mfcc_de[11],pcm_fftMag_mfcc_de[12],pcm_fftMag_mfcc_de_de[0],pcm_fftMag_mfcc_de_de[1],pcm_fftMag_mfcc_de_de[2],pcm_fftMag_mfcc_de_de[3],pcm_fftMag_mfcc_de_de[4],pcm_fftMag_mfcc_de_de[5],pcm_fftMag_mfcc_de_de[6],pcm_fftMag_mfcc_de_de[7],pcm_fftMag_mfcc_de_de[8],pcm_fftMag_mfcc_de_de[9],pcm_fftMag_mfcc_de_de[10],pcm_fftMag_mfcc_de_de[11],pcm_fftMag_mfcc_de_de[12]
Scream1-01,1,-3.6349154897959184,0.7939834336734681,-0.27730872346938784,127.44741428571429,-12.717826765306123,7.782078963979591,6.795634077346935,31.91001755102041,12.788834075408166,1.669519723673469,4.335257737755102,-4.221372419387755,2.6944202581632655,-0.3900220994591838,-0.16672138744897955,-0.19588440816326522,0.4697613329591836,-0.5288762084693878,-0.01050740620408162,-0.16471947356122454,0.2153955507142857,0.07640133677551021,-0.17969264214285716,-0.0836964355,0.0054586795918367135,0.26135614499999993,0.006841244142857131,0.026984068469387803,0.0017838467346938743,0.008670599132653058,-0.0107079914755102,0.02497458046938775,0.0038876833877551087,-0.004338928367346942,-0.006462013775510197,-0.002994163969387738,0.01714420184183673,-0.030158193051020413,-0.017241876326530597
Scream1-02,1,-27.70926826530612,-11.023218462040822,-26.106896040816324,151.2981755102041,-48.41564010204084,6.3856548071428545,1.6822610448979596,47.439708979591856,11.976942204081636,-19.514346846938775,-13.513199734693876,11.375398687755107,34.085771938775494,0.0457160175,0.11662760510204083,-0.2891106555918367,-0.14561376307857135,0.09280498785714286,0.09319007997959186,-0.014643094438775473,-0.02654166020408168,-0.06445750428571433,-0.21114425105102047,-0.2436131307142858,0.0816289435714286,0.2851390371734693,0.007227849734693876,-0.006691774081632657,-0.034906844316326534,-0.0032411875102040856,0.027672100653061228,5.065437755101826e-05,0.007024941224489786,0.022450020408163275,0.013959669081632656,0.013777489908163278,0.03660351551020407,0.06906009193877553,0.023935219142857147
Scream1-03,1,-28.183388877551018,-3.9296051796938776,15.096551612244895,143.690043877551,-35.177496530612245,15.670593336734694,-13.536620636428575,45.610375204081635,32.12136037244899,1.6040936016326515,-5.807706273469388,-16.766983887755103,-2.5376786734693857,-0.041354204663265295,0.5341849656122449,0.17365149452040843,0.06004862428571428,0.033575778448979625,0.059075820285714245,-0.04173322295918372,-0.020843497448979644,0.27605144622448985,0.2276172051020409,-0.12784521414285718,-0.5389799420408165,0.039116176734693586,-0.0024667829632653094,-0.002417560928571444,-0.035887661142857186,0.003157801693877553,0.014846149387755095,0.00809903090816326,0.026702824183673462,0.010867805102040827,0.01981770481632651,0.021323941244897962,0.007114072142857123,0.010588508612244894,-0.002461969505102067
Scream1-04,1,-16.073466209183678,-9.685365681632653,5.708550800000001,141.01686734693877,-22.018514376265298,22.742095316326534,9.039312804081632,26.68080124489796,27.097457908163275,7.803062374489797,20.24352221428572,-6.847617853571428,-13.705335703061216,0.27053663185714283,-0.051266335714285245,0.26379250517346925,-0.3192803915816327,0.20647003346938766,-0.018981912755101995,0.14639223510204077,-0.14247675846938765,0.00445030489795919,0.33394077795918375,0.5573512638775506,0.2633162796938776,-0.509965598367347,0.000528260438775505,-0.025006731224489764,0.046986726326530594,0.0009571798816326481,0.007635300726530613,-0.020821812857142852,-0.03519149664285713,0.0037071264285714555,-0.007855388571428588,-0.04947463391836734,0.009514366782653022,-0.002772305306122464,-0.05067292102040814
Scream1-05,1,-8.3617873877551,-3.248876624255102,2.4592623803061224,146.58716224489802,-10.072456218367346,29.990884020408156,5.628545451020401,19.60095615,23.801474502040815,6.511572477244898,-4.040729139795919,-2.0710582938775506,-18.70391847755102,-0.45262108306122445,-0.2623956668469387,0.1490019969387755,0.2080116524489795,-0.23431140561224473,0.012508818714285745,-0.2614488143469388,0.06977830836734686,0.19144904775510196,0.40825021826530616,0.004969121428571315,-0.2725217782653061,-0.17516264533673467,0.017182182683673466,0.01997353183673467,0.025306756540816277,0.00915741548979592,-0.0055975331632653075,-0.0011113745602040913,-0.023117035204081628,0.006781769214285711,-0.016373031938775488,-0.029517521122449,0.025964410816326524,0.025220893479591833,0.06362426867346932
Scream1-06,1,-17.197185570408163,-2.157135515306124,9.975562664285707,146.02623469387757,-13.332954671020405,13.095543717346931,-5.959511770612243,32.6852267346939,31.063053438775512,19.675774158163264,12.089381321428567,-14.669480053061221,-17.993153931632648,0.3604336782959183,0.4625192632653063,0.05642734285714267,-0.32026245734693887,0.11549363000000003,-0.24412926979591834,0.1205715914285714,-0.08116533272448978,-0.38440637653061216,-0.5668424555102042,-0.17744555938775516,0.15076443775510215,0.45714044071010224,-0.009918503142857155,0.015886622959183614,0.04587283836734697,0.0002219279183673418,-0.02373716787755102,-0.002190968367346947,0.005058899999999969,-0.0011554313979591727,0.016326759693877573,0.004879132551020392,-0.0025931529591836293,0.003849050030612261,0.00883405163265306
Scream1-07,1,-28.236741153061217,-8.454411746938778,-14.76521141653061,154.82866836734692,-48.00677051020408,6.607617497448981,0.1416994386734691,49.720538265306146,10.789498713265306,-13.546090071428571,-7.883390596938776,3.9964623489795934,23.426825566326528,-0.26577117448979576,-0.17199120071428559,-0.15722570102040814,0.2279181266326531,-0.4375649346938774,-0.114838184,0.11058532745918366,0.14217306653061232,0.030844207632653,-0.28948795234693864,-0.23040881122448967,0.45749658061224485,0.3219858290816328,0.040634255336734725,-0.05507002246938776,0.0154938524489796,-0.060853514091836744,0.07196565160204081,0.014659263116326525,0.05104248308163263,-0.07536793255102041,0.042081012020408134,-0.004321748163265294,0.030095600387755075,-0.017891899081632696,0.005518243357142842
Scream1-08,1,-25.399036326530613,-9.359259479591836,8.839074336734692,149.05404795918363,-34.00561877551021,22.736457163265303,0.11089088775510286,34.336347897959186,32.07161401020409,6.543125773877552,9.018353795918367,-16.963720044897965,-3.1137622448979565,0.11230408584693884,-0.07891911948979616,-0.5682474018,0.011596787551020383,0.13039968663265303,-0.030311927346938886,0.014260655214285638,-0.0930546848979594,-0.07397158540816322,0.16596475330612234,0.19514171520408158,0.2874976519387755,0.10234142387755071,-0.012450056224489794,-0.029755928877551057,-0.02529400812244903,0.0012793150000000037,-0.007591359693877561,0.007467677857142863,-0.010833189183673465,-0.0050802336734693835,-0.02154241030612245,0.024472158469387762,-0.018968787744897908,-0.02671581110306126,-0.024420690397959178
Scream1-09,1,-12.105856973469386,-2.536347045918367,3.4822517091836738,146.92622959183672,-11.933007741836734,29.801967020408167,5.857612101530613,22.293215469387754,27.624206682653057,9.797773529591836,-0.3796146030612244,-2.574179575816328,-17.597825135714285,-0.22264305612244897,-0.5332162138469387,0.3100571676938774,0.2140738419948981,0.0004963442857143388,0.27884034551020404,-0.16670798367346945,-0.08138956397959188,0.3609073284795917,0.3838195025510205,0.07684036734693858,-0.2847916979591836,-0.38819643612244886,0.01947085888775511,-0.014212052714285793,0.0066550246938775525,0.0303839240816326,-0.012718971999999978,0.023439435204081673,0.01810113438775511,0.022079324693877578,-0.01987779556122447,-0.016409422755102047,-0.055954687540816374,-0.00951847197959185,-0.021362713673469383
Scream1-10,1,-27.717469897959187,-8.2771419622449,-0.03467326530612285,143.0130867346939,-38.68644306122449,13.33903907142857,-9.848751097959184,46.60049285714285,23.728622115714295,-5.231004602040816,-8.42165388571429,-3.123341448979587,7.891776836734685,-0.06428642175510206,0.15478582459183665,0.8191968491836734,-0.04719940038775512,0.18859421693877537,0.12522324602040819,-0.2513627152653061,-0.08491302295918365,0.37880452530612246,0.4786930718367346,0.2600488511224488,-0.3923289740816325,-0.9077127062755099,-0.002329457775510204,0.0036490247653060974,0.023206956367346987,-0.0031991770102040903,0.023619228265306137,0.010986146102040822,-0.013040690447959183,-0.0020382857142857242,0.014801742448979612,0.014624733163265307,0.026959422448979593,0.050056473438775485,0.005323322040816348
Scream1-11,1,-18.934182232558143,-2.240586998023257,9.331603716279073,148.06954651162795,-15.474811401162793,11.66243252790698,-8.071920595000002,33.97669774418604,31.807639246511634,21.35208317906976,13.819653806976746,-15.91173500348837,-19.165830850000003,0.31912331255813947,0.23353200787209313,0.05014472488372101,-0.3869835174418605,0.07066930441860471,-0.3812115838372091,0.28886118325581406,-0.17201449372093025,-0.21357844575581392,-0.5013621879333722,0.0029039399999999074,0.3050570271941859,0.46321851488372096,-0.012020453139534908,-0.008469233499999958,0.005626205813953496,-2.6955883720923816e-05,0.02369365720930233,0.012601463869767422,0.019397118980232532,0.029855921860465127,0.07611381291860464,0.02359233010465117,-0.026297873337209315,-0.01677759406976745,-0.0003366832558139596
Scream2-01,1,0.3064307183673481,2.2153116979591845,0.9221153115306124,134.5612857142857,-7.221301597959179,19.939225448979588,18.760886618367344,26.224064153061224,12.31618231428572,-1.4851173488775513,8.880935424489795,-4.531486819795923,-0.8525898878571426,0.20835142102040824,-0.12958021173469397,0.0004562353061224708,-0.26570065975510215,0.4077191446938777,0.1190608805510204,0.00460513520408166,-0.05835703744897964,-0.022695996816326593,-0.31073626280510197,-0.2764760481632652,0.10593907744897965,0.031154697244898007,0.0019680270612244906,0.03916256464285716,0.029703813765306158,-0.005250887755102044,-0.0006121750816326439,0.028349940061224505,0.03368506520408164,0.04446549306122447,-0.004287636734693879,-0.016066118061224485,0.0028900436326530603,0.00026492953061222924,0.023292182448979588
Scream2-02,1,-5.404920926836736,10.326354352755105,6.059971238877552,135.97910000000002,0.7351197744897946,17.3144727244898,2.6133437549999994,10.088380790816327,10.644061023469387,8.90664342653061,7.326368747040816,1.8773584211224486,0.5227267510204088,0.04373211224489785,-0.09489585418367347,-0.07951443357142852,-0.009284720510204104,0.001950174418367371,-0.015044608979591824,-0.018908589897959224,-0.12043449622448973,0.1585753442857143,0.037948612959183746,0.03594447040816326,0.04396339113265311,-0.07953651459183675,-0.004424562346938779,0.018845487448979615,0.015622589377551024,-0.013826552346938763,0.0014415917244898003,0.011102367612244906,0.025683053489795903,0.014397161918367343,0.03496774214285713,-0.002201740510204107,0.008461107244897976,-0.04680869662244895,-0.04189939261224485
Scream2-03,1,4.487502942653059,3.1623891646938787,2.9676947326530603,132.6201265306122,5.916093263775509,3.735197386632653,-6.447385296326531,13.940514226020406,22.51040362346938,10.337228646632655,10.198465146938775,5.887372846734694,0.8576866479591834,-0.007995753775510234,0.03307213142857137,0.011095622857143,0.1383774064285715,0.03931442438775506,0.29004681229591833,0.1812456073469388,-0.0545177087755102,-0.14419790734693877,-0.22098349969387757,0.18309145040816324,0.06921811418367346,-0.153913543877551,0.0017616961632653,0.06794765836734694,0.02433396857142859,-0.0006007581428571399,-0.00043450623469388567,0.017307615302040807,0.014010307653061228,0.0057074185510203775,-0.003187917244897971,-0.007453728367346937,0.0093217218367347,0.06036116469387747,0.01778057418367346
Scream2-04,1,5.349237448979591,-2.6223216846938784,10.572151042857147,137.53146632653062,-4.350686204081632,38.156232275510185,9.206130367346942,0.7669227744897954,-1.0262339058163263,11.348133055102041,9.02939261122449,0.05838909183673465,-2.0909885683673473,0.1598650409489797,-0.06106806581632647,-0.11616178877551017,-0.11108743765306124,0.19116223112244898,-0.22249646816326527,-0.04117454214285719,0.03478931938775516,-0.027068376938775496,0.023582061454081666,-0.10052169275510192,0.04417187749999997,-0.027631022448979508,0.037570749591836726,-0.06470187326530613,-0.06409099724489799,0.0049526126520408114,0.035883137908163255,-0.014826483948979575,0.014925842142857146,0.015504116734693891,0.03502012551020404,-0.044960415775510194,0.015293099897959172,0.03401700013265307,-0.044973261734693924
Scream3-01,1,-8.835389941836741,15.947657990816328,-2.821704678265306,145.58177346938768,-21.105330729591834,-5.570620933061226,6.52295137846939,18.033116534693875,7.062615955816328,7.346719852040819,1.5137731816326532,24.004967765306123,10.7820856194898,-0.027504532395918418,-0.055451802857142705,-0.12281128061224493,0.004354762653061327,-0.08178312153061242,-0.141214960867347,-0.10717705755102051,0.030640562551020524,0.03288218214285719,0.1849502726530613,0.1622759865306121,0.21608846183673455,0.15927566908163263,0.0012941127755102023,-0.03626824306122449,0.00732321762244898,-0.002810479785714285,-0.0029606668469387793,-0.005206484183673464,0.01794082315306123,-0.004523280510204073,-0.006431375785714281,-0.041150275306122454,-0.06966402051020408,-0.0683432947142857,-0.0494311832857143
Scream3-02,1,-6.9978584265306125,13.964973765306125,7.793197460612245,141.38757142857148,-25.417423744897956,11.206529998265305,12.069973600306124,-4.869626185714286,11.519634438061225,22.17137868469388,7.15209943367347,14.215167217346934,-2.837758170816326,-0.00505861486734703,0.13073576204081633,0.032985532959183606,0.13964156336734682,-0.06925571517346936,-0.07580980522448975,-0.06435266846938768,-0.4695967752040818,-0.05942465397959192,0.2114445541836736,0.06871577826530607,0.01887856224489794,0.05152340510204082,0.01126893479591837,-0.048112004693877615,-0.01045866887755101,-0.00581251928571428,0.02964730979591835,0.04708879938775511,0.04958355755102043,0.05681978782734695,-0.012231559081632625,-0.020409406836734693,0.034310404489795936,0.040339252816326526,0.001190367193877569
Scream3-03,1,-9.487876979081634,15.77659869489797,-2.4337270397959188,145.0330193877551,-21.046577242244897,-4.107295587755102,8.049916382040818,19.20311694897959,7.224141879183674,6.5895888057142855,-0.08014999795918276,21.120598346938777,10.03803397,0.03981025447959188,-0.003640017244897874,-0.2659073180612245,0.1029426100000002,-0.020732308204081572,-0.22141657622448993,-0.37608543214285717,-0.234303461122449,0.13166432561224478,-0.0648901254081633,0.15611999112244915,0.6755640761224492,0.17368990224489797,0.011081398887755107,0.01398391857142856,0.030649282653061237,-0.0037399053469387654,0.004495565775510205,0.004057928959183686,-0.008177699000000017,-0.0008188471428571488,-0.017213597928571415,-0.03154415530612246,0.02240741500000005,-0.01807023275510204,0.017038693989795916
Scream3-04,1,-6.774509913541668,14.548845037500001,7.720336465624999,141.86574999999993,-25.685147895833325,11.494722393749997,13.153793666666667,-5.538789810729166,11.745872253750003,23.582357745833324,7.200454500624997,14.5858162875,-3.501406078854165,0.05435982791666672,0.06771441729166658,0.17480362374999991,-0.2124996877291667,0.22052454625000004,-0.06069140635416668,0.07932244416666667,0.41392099600000004,-0.14897427342708328,-0.11564390583333338,-0.20394486572916684,-0.06832215312500002,0.03540854677083331,0.0066242415625,-0.02013900906250003,0.012327824875000013,-0.008327153947916664,-0.004386398156250012,0.02259889612499998,-0.007614468854166664,0.015943883468749986,-0.014061063114583322,-0.03204388635416666,0.028519168333333317,-0.05239989406249999,-0.004809125312499984
Scream4-01,1,-30.39990271428573,15.70452905102041,1.0838940816326514,149.2751040816326,-19.823372561224488,22.723070451020412,3.1424821448979605,16.710166265306125,30.8640588367347,1.7897396563265302,-7.390733196938774,-6.361718600306124,-35.89514015204082,-0.1818034864591837,-0.04476732326530595,0.3852561979591837,-0.02536828224489795,0.1313934214285714,0.23305388448979594,-0.11416620775510204,0.14875061629591835,0.31788499825000016,-0.016465801428571413,-0.48433247510204114,-0.37554199030612245,-0.34310185918367364,-0.005460318627551026,0.05815918979591839,0.015653061285714257,0.0006127085367346975,0.0029515733265306206,-0.04539870388775513,0.02636898758163264,-0.04349748495816328,-0.0012625273469387733,0.06576968409183678,-0.0008023159285714047,0.03410986494999999,0.07162006908163267
Scream4-02,1,-22.14832775510205,-14.020229676530613,-23.47872462244897,150.0983979591837,-22.427157244897955,12.132746020408161,10.855011519387753,22.439506357142854,30.759375408163255,13.495301245918366,2.8281509632653057,11.875125356122444,-26.368699455204084,0.13210128123469395,-0.1424298346938775,-0.2517532270408162,0.016908356755102043,-0.07926034612244894,0.01201708469387751,0.16220028520408156,0.06975612244897965,0.10525291561224487,-0.09381263588775515,0.3052862296938775,0.30122089467346913,0.24578025395918354,-0.014414056826530616,-0.030120956122449,-0.00858183126530613,-0.0033350915510204082,0.013421593285714281,0.012598182755102036,-0.0028620695918367338,0.0001650033673469434,0.030872273943877558,0.01349058467346939,0.007686811020408162,0.0036433440306122525,0.014791793326530646
Scream4-03,1,-12.749320372448981,-24.96342882959184,-33.35635404081632,145.52511428571427,-16.46604593469388,10.059893433673466,10.497838178571433,17.217421704081634,14.059858294387748,14.28913705051021,19.26790421836734,11.65897702142857,-12.058375963265302,-0.048409978010204135,-0.3280069171428572,0.00983789500000014,0.0006484361030612295,0.046794164183673576,0.10253941159183673,0.05781401153061228,0.1255147254081633,-0.02802074072448978,-0.0999191852040816,-0.004321278367346977,0.2648133317346937,0.22469335295918363,0.0046512896530612234,-0.026345362040816334,0.05609610224489802,0.0034693795918367336,0.02840605327551019,0.016190243979591838,0.009745345163265319,-0.010570031020408153,-0.015290492336734697,0.02851947278571427,0.01426388758163264,0.013102906224489818,0.031635097469387745
Scream4-04,1,-18.59933202653061,-37.30208653061224,-22.819808163265304,149.06412653061219,-10.87271365306122,32.566340306122456,13.183435571428571,20.38467753163265,1.9666024051020399,-0.16098481124897945,24.589827421428573,21.592113779591845,-14.262130174489798,0.1190971464591837,0.4788083115102041,0.2120416106122448,0.01565943104081634,0.26277041030612236,0.07088953346938771,-0.061156076326530626,0.025959014591836853,-0.2962480689795917,-0.13245078711224487,0.013363902346938841,-0.14446788806122451,-0.40167998040816333,-0.004687676836734699,-0.032369168530612204,0.029555121795918352,-0.006481399804183678,0.0012860305816326575,0.0055797708163265345,0.01956981959183674,0.029142772959183664,0.05178458887755103,0.02336497724489794,0.0422732855102041,-0.0029653844795918317,-0.015408360959183678
Scream4-05,1,-18.08527634204081,-23.80192567346938,-14.948832986734697,145.5879918367347,-8.74702189183673,26.67825789795918,11.105657508163267,34.52445408163264,2.373173809183672,-1.183113865306123,25.040995844897964,17.827184326530613,-26.8994452677551,0.2774134126734694,0.4468945931632654,0.03213758459183676,-0.16749859714285714,0.1210830265510204,-0.2585308354081632,-0.14173576275510205,-0.004661456122448995,0.09592970542857142,0.14156433785714273,-0.22490193784693888,-0.1674374788367347,0.08765507224489799,0.013950618316326536,0.00449020316326533,0.02807165959183671,-0.0022249288877550987,0.014856493887755095,0.017848664520408154,0.012194887909183678,-0.014347753673469374,-0.011542873806122475,-0.017379207969387772,-0.014350270673469404,-0.05005702264285714,-0.03613520326938779
Scream4-06,1,-21.964324018367343,23.189524877551023,-7.280110197959182,152.68587448979585,-16.51860140714286,21.517620132653054,20.545709486734697,34.82257541836733,21.49120138469388,-0.8036935142857154,-15.161548782653057,-7.76315082755102,10.797559717346934,-0.08619944948979595,-0.11316012214285717,-0.2029631418367348,0.07434289994897958,0.031348600102040824,0.20893494387755113,0.2576266248979591,0.18962416266326548,-0.006375853877550995,0.0030317282653061182,0.07285024469387745,0.03275488010204082,-0.1267072460102041,-0.02022609583673471,0.06178975395306122,-0.05542890091836727,-0.01913850704081632,0.027318179518367375,0.023866006866326533,-0.03174846106122444,-0.05404118397959178,-0.0148569763265306,-0.021470317909183686,0.03245945918367349,0.052748198367346955,0.09192374325510204
Scream4-07,1,-14.219009902439025,21.19939926829268,3.3892542341463416,143.69206341463416,-13.910086756341457,0.8898967804878047,13.11564910487805,35.23983951219513,21.315751048780484,6.217224202439024,6.753905197560975,-5.972069334146342,-4.165489397560977,0.7773029492682928,1.0878733292682923,0.3202825156097559,-0.6423043414634145,0.4599185804878048,-0.6284555609756095,-0.32442890731707275,-0.13946272926829276,0.07615420195121948,0.027151722439024376,-0.6966040026829269,-0.6355225946341465,0.44628140414634154,0.030455361707317087,-0.009745870097560986,-0.1878599634146341,0.021115895121951233,0.04867443609756101,0.016792680634146375,0.1116569243902439,0.1508823895121951,0.14462204414634144,0.116557853902439,-0.029575706829268314,-0.032635940609756116,-0.03928166097560976
Scream4-08,1,-22.326453529591845,26.076967969387745,-6.475684999999998,152.82081632653066,-15.928779298469383,21.8182176122449,21.59133957142857,36.71357164285715,22.99628230306122,-3.2164231224489823,-18.252301369387755,-10.272418070408163,12.384137530612245,0.0063750721632652675,0.2645866859183673,-0.35046510948979565,-0.04169556905102038,0.034705855894898066,-0.5219959727551022,-0.07080537748775514,0.28115008729591834,0.19694077581632644,0.004270164183673392,-0.28683258775510206,-0.03593583683673475,0.6231271840816334,0.0008216179591836793,-0.019027285816326536,-0.011225887755102049,-0.007694280387755107,-0.0002612506938775685,-0.03277964329591833,-0.040615182397959186,-0.028676414081632653,-0.04853959846938772,-0.08639474877551022,-0.05852558704081634,-0.04232873124897958,-0.025886657336734703
Scream4-09,1,-20.38630171428572,-28.083521428571434,-13.304066709387754,147.4656418367347,-7.5288953795918365,31.14355408163266,11.44319695,32.60863357142858,0.789202289795919,-2.9984076234693875,26.189648785714283,16.545916857142856,-30.639346938775514,-0.013219398673469399,-0.04912197701020406,0.06989875608163265,-0.03316615612244896,-0.03777907765306118,0.022922591770408195,0.024471001224489822,0.07217938765306123,0.08726442867346938,0.006739618673469349,0.10659987831632656,-0.0741225001020408,-0.03407051040816332,-0.008174789795918371,0.0006784052040816335,-0.02974711030612245,-0.006390263959183672,-0.010645273163265311,-0.012546899509183671,0.009070219897959175,0.03634754091836736,0.03169553724489795,0.04452470307142853,0.0375337594897959,0.007769937877551029,0.002298578530612264
Scream4-10,1,-18.17086128367347,-36.38786898979592,-27.02135084897959,148.74203673469387,-14.930652748775513,29.88303372448978,12.419376144591835,17.517765391836733,6.959223355102041,0.3004806381632651,21.96031389591837,25.94609409183674,-7.009963328163265,-0.07207969785714281,-0.34085973613265297,-0.25925756581632653,0.13459120255102036,0.023543287224489822,0.042481011173469314,-0.09943658908163264,0.02658786839795913,-0.3141436687755099,-0.08091430479591838,0.29031660613265287,0.2442498005102043,-0.11865634806122445,0.02160765679591836,-0.018295681948979556,0.012048244704081628,-0.021085107081632647,0.01637370500000001,0.021555896836734704,0.024289544285714292,0.014195195306122446,-0.020724530448979577,-0.0051664622448979675,-0.023758887040816357,-0.03849954886734692,-0.017555903418367335
Scream4-11,1,-4.896595319387754,-18.225921311224486,-20.66917649591836,137.5329928571429,-8.844229870714287,9.118188401020413,13.347144529081637,19.387410918367337,11.546984292857141,14.343725037755098,15.047907666326532,3.4164210214285697,-11.836602911122457,0.26842204997959174,0.35830299032653057,0.4801110020408163,-0.23561672163265313,0.22466264224489801,0.09978817999999996,0.14454661887755102,0.14957845734693884,0.058726088061224424,-0.029011733469387777,-0.02376663204081623,-0.024749198357142933,0.30667935316326533,-0.03452799489795918,0.018054650591836734,0.039422688061224474,-0.005546042306122453,-0.021811340357142855,-0.012057497622448968,0.003913897040816329,0.014132275408163256,0.04650084907142856,0.0011633355612245056,0.012922880887755107,0.019304227857142836,0.05495126193877553
Scream4-12,1,-21.08905,-17.713781489795917,-27.183292367346937,149.89736836734698,-23.809083979591843,11.84518552040816,10.871237762244897,21.08525637755102,30.35965030612244,12.218237619387759,6.530421731632654,15.179212593877546,-25.710714309897963,0.11054021163265304,-0.385322969897959,-0.26991489214285713,-0.0300067185,-0.11132627785714283,0.011805879268367337,0.05916568611224485,-0.17157448575510204,0.03792988122448983,0.0957480625816326,0.3505624553775511,0.3356006411224489,-0.32229822153061205,-0.0018037052551020413,0.0004805630918367543,0.04469976840816327,-0.002553110897959186,0.0012176195918367386,-0.0039008023163265362,-0.00891086274591837,-0.023816442551020434,-0.0383312991122449,-0.012244531530612224,-0.03730260212244899,-0.05256940204081633,-0.0258042043877551
Scream4-13,1,-31.4378562244898,18.273279581632654,5.5727810612244895,149.11071530612247,-18.21287589795918,23.535004071428585,3.4910430408163258,16.984240551020413,32.569949285714294,4.6460776338775505,-11.85154486734694,-9.721555694489801,-36.9859885510204,-0.008376181938775509,0.09122069397959187,-0.2884456948979591,-0.00887404942806124,0.08483752762214283,-0.0968238485714286,0.12999589153061222,0.14743606706122447,-0.11732822244897954,0.16737568520408164,-0.12480288938775513,0.05080366718367346,0.6016774813265306,0.022840271153061215,-0.03922166985714292,-1.4577551020495417e-06,-0.005856638357142858,0.018252506232653055,-0.013484815142857142,-0.0406485987755102,0.02041322673469388,-0.017487878336734704,0.0020094724795918346,-0.024057156785714257,0.0043689829591836956,0.048125682551020406
Scream5-01,1,-2.864669885714287,8.198663724489798,22.596317219387753,145.6528275510204,-33.51467331632654,19.420116072448987,7.794777466326528,26.779826448979584,12.336388155102041,27.262694258163265,-0.22827296632653096,-3.4253412051020407,-3.0386991806122454,-0.2199868631530613,0.06708252983673474,0.30255301714285715,0.17720708748979594,-0.3368403518367347,0.05320577734693877,-0.1998700986734694,0.20995099653061222,-0.28084449738877554,0.346334736632653,-0.024099053469387923,-0.019661801030612214,-0.3046166719081632,0.004408920010204084,-0.021501544387755117,0.012470379816326484,0.005223837306122454,0.024306044591836738,0.007847584336734697,-0.029314123704081634,0.009862664183673469,-0.028466010204081613,0.003698134081632634,0.018937842775510236,0.03571751663265308,-0.03420258214285716
Scream5-02,1,-1.4203910683673464,-1.7969033445918368,8.525934014285713,138.94940408163268,-24.396173234693897,8.93469638397959,1.3568812551020406,20.883778671428576,26.659270705000004,14.38222322857142,13.719986512244901,0.21571486806122472,-5.466238642857143,0.011779999183673435,0.17170675828571427,-0.2814188134693878,-0.039940317653061205,0.05481619819387757,0.04371245887755102,0.17029635493877543,-0.37053111336734695,0.27801240234693886,0.09232680030612245,0.10638053030612245,-0.16843336440816328,0.15722258846938747,-0.0009592862040816322,0.0121646751020408,-0.04527344602040817,0.00444030942857143,0.005863080306122434,-0.021330826938775516,-0.0011769235714285823,-0.0191864333367347,-0.012613315000000002,0.021916429030612236,0.04131464894897961,0.010552529846938791,-0.02992051571428574
Scream5-03,1,0.4050140693877556,4.977968588775511,5.883428301020412,137.47416530612242,-23.98172902040816,18.956725948979596,5.041687191836735,5.551136181326532,19.272469915306125,24.252888102040806,19.70297124285713,-10.863617683673468,-4.3451849979591834,-0.07366764265306115,0.06720417765306123,0.30844489081632653,0.03793154625408171,-0.01572977290816328,-0.1983222016632653,-0.07939695877551019,0.21841204744897955,0.039982864183673465,-0.04454066265306128,-0.30548481959183665,0.056236941734694026,-0.15794997112244896,-0.022536678475510198,-0.009453884336734686,0.05124192648979593,0.0011177582663265287,-0.0037083701326530555,-0.03416151714387755,-0.023949636367346937,-0.015097529918367339,-0.010871716020408158,-0.010029169212244905,0.011608147612244882,-0.008192160918367362,0.022390192346938773
Scream5-04,1,-6.920193720408163,8.70549467959184,2.527827521428573,145.2187622448979,-19.605566234693885,-3.7061454459183665,1.2590988632653062,25.859119459183677,34.99135665306122,8.910682471367345,7.004264893775508,9.780473019387756,-12.64459986530612,0.2835484795918367,0.039038586836734744,-0.35584326374489783,-0.23650508689795915,0.08416676010204077,-0.05842392959183666,0.17815755067551026,-0.2512270336836735,-0.1734673691836734,-0.21009516632653075,-0.1649911696938773,0.19951341938775516,0.263248131122449,0.0012861236346938792,0.02629626205102042,0.02100768326530611,0.0019297740918367307,-0.004819302224489791,-0.007752127234693877,0.00614021765306123,0.012120316938775516,-0.018299235102040807,-0.028988697448979587,0.01582425193877552,0.02678113298979596,-0.0417541512244898
Scream5-05,1,-3.331667554183673,-24.470588806122453,10.200889478571431,150.67757653061219,-25.124774469387745,17.17677889795919,5.877329827551023,6.963873428265304,18.554368723469388,13.514170575510205,24.26712209183673,-17.08880333163265,-14.336060026224487,-0.2818341525510204,-0.24386068602040814,0.17534244214285713,0.18925124132653068,-0.18424477959183663,-0.079827061122449,-0.26277895673469376,0.04183748205102038,-0.032011985265306145,-0.020798347448979692,0.26523275337755114,0.02300004856122398,-0.24463965721428585,-0.011760860040816326,-0.044462278746938755,-0.0410762937755102,-0.01094932018367347,-0.031146077448979587,-0.04297328061224489,-0.007933423734693877,0.04741741079387755,0.04548413379591834,0.0033837366224489574,0.04646438459183673,0.07150396367346944,0.0025508545326530527
Scream5-06,1,-4.2769594916326525,-6.399948118877549,11.450586438775513,150.70410612244896,-18.331410867346936,19.746766186734703,8.622519106122448,13.7927280112245,4.001516100510204,23.869547176530617,5.712191800000001,-4.459553450510204,-14.660381219081636,-0.24022457551020393,-0.11726107647959191,0.1997072478367348,0.11756705808163258,-0.07789676808163258,0.1680357663265305,0.2925404165,0.19283782245918363,-0.5854851388877558,0.0909551319387756,0.03437342132653064,0.2271251537755102,-0.046200719591836754,-0.035529774448979624,-0.0037603364591836733,-0.0768794825918367,0.01651359277551021,-0.02640195933673469,-0.010912893826530613,-0.006002001408163254,0.08335433969387757,0.10400522224489799,0.035061755948979596,0.037600980102040854,0.03133091964285711,0.039793013367346926
Scream5-07,1,-5.127708472448981,-14.310146606122458,11.35306246632653,151.2340989795918,-17.715447459183665,20.876570102040816,9.397125953061229,20.09892926,0.5457910316326522,19.007962183673463,10.86278850612245,2.2579614527551013,-15.463195672448965,0.12059581112244903,0.08851885542857156,0.10989145765306119,0.02134747928571426,-0.04709307612244897,0.12714004696938774,0.0300291485714286,-0.10085637214285711,0.008452716428571387,0.18742931489795916,0.04756680132653056,-0.12480741744897958,-0.01245490928571432,-0.008718927346938781,-0.014764639285714276,0.01254338091836734,-0.003786090500000006,-0.0027177991836734782,-0.0024508751836734687,0.005211250540816338,0.012625279612244886,0.01209221908163265,-0.04020073799999999,-0.03346045428571425,-0.03421818204081634,-0.013237470663265293
Scream6-01,1,-13.564245136734689,4.118399559183673,9.337288008979595,153.08156326530616,-33.57169920306123,2.3859947688775507,-5.616476369999999,4.980820361632654,22.881865013571424,7.356682847959184,14.060232159183672,4.578567820408164,-11.693443571428574,-0.13007729520408173,0.014596201020408109,-0.014425975510204081,0.27189023244897964,-0.19950886239795906,-0.23031328504081638,-0.08624371428571427,-0.049282435714285644,0.0433571681020408,0.194864781632653,-0.06682780816326524,-0.0986682920408164,-0.16223208989795918,-0.017455546683673474,0.0743862093877551,0.030342917244897953,-0.0290412808979592,0.05386464353061221,-0.00431992824489796,-0.0032588484693878133,0.05952037397959187,0.0069824810204082086,0.038875582551020395,-0.041688756836734675,-0.035743917755102016,0.08621511971632653
Scream6-02,1,-19.085492244897953,14.000611710612247,18.43646680612246,156.84024081632654,-35.32804255102042,2.437021444183674,9.134612345918368,8.931200675816328,11.634062619387757,28.43281115306123,0.6307949337755105,2.9234760659693872,2.572419414285713,-0.037960292979591886,-0.12254698816326533,0.17192157601530614,0.030282468061224487,-0.10002946818367343,0.07762882112244905,0.16664022673469386,0.1882289013265306,0.0013999366326532241,-0.26635738663265296,0.01706882832653069,0.05406002704081636,-0.2295703068367347,0.0025460154331632782,-0.05433715571428575,0.0048088155102040744,-0.0035400780102040827,0.007761173959183675,-0.023049442979591845,0.0022282605816326554,0.003755400632653058,0.0497005413265306,-0.0011085334693877566,0.04507498795918364,0.04250896626530613,-0.06854250775510208
Scream6-03,1,-24.52700620918367,7.09732420102041,-0.04517761938775638,155.18779081632653,-28.31902064285715,2.289542874183673,-2.636364787755104,11.405793876530613,16.91175724489796,20.222362178571426,0.9310943801020406,4.135280095816326,-0.8544809884081633,-0.11218392081632646,0.1856752096938775,-0.06896643153061222,0.04976063551020405,0.03357956286734688,0.05021266908163268,0.01912757510204076,-0.08537273887755105,-0.030686343775510112,0.37121412275510185,0.19829329653061226,-0.15127860918367342,0.3618910404489798,0.004107439642857139,0.023392834153061207,0.013671478979591844,0.007056470336734684,-0.022460907857142852,0.006698300153061231,0.05090396971326534,-0.017066858010204067,0.03151723176530611,0.05483591140816326,-0.020630311122448976,-0.020187637040816313,-0.04204219500000001
Scream6-04,1,-11.897775446836734,-1.3987827188673474,17.82940377653061,149.81485612244902,-26.09813632857143,14.224333840816326,7.974723239795914,16.12154262244898,12.066860612244904,19.839157203061223,5.696930226632655,-2.109345184693876,-15.896376627551023,0.09175104151020404,0.018037753163265342,0.043634473132653215,-0.051009347102040845,-0.05877426591836733,-0.1662457126530612,0.015665374897959168,0.03661931370408158,-0.09337432673469388,-0.0927210096938775,-0.009114459795918392,-0.03735149795918378,0.10119150102040818,-0.005255062071428571,0.02747194010204081,0.006499340020408158,0.002383001280612238,-0.0018099062653061098,-0.0019910510816326327,-0.004063376244897967,-0.009455877346938776,0.005909344000000008,0.0011500555102040878,0.02550794704081629,0.010580438785714314,-0.013076179285714295
Scream6-05,1,-16.54403157142857,12.002814919010206,29.89682009183674,158.68125510204078,-33.53859224489796,17.127203724489792,4.9069413342857136,17.52461005102041,14.381451979591834,25.66524650306122,2.067332118367347,-9.088807308877549,-18.60943597448979,-0.09181043247959184,-0.06537803107142863,0.38417741105530606,0.04696132069387756,0.02863384948979591,0.19692596491836756,0.004726751336734698,-0.0023814967857142596,-0.0735536773469388,0.28760925882653066,-0.294077536632653,-0.13994511241836746,-0.023091728441836736,0.021798037938775522,0.039678172857142854,-0.04622776338775511,-0.001808284214285718,0.011379655510204078,-0.01591583795918368,-0.013260363132653073,-0.044576690408163255,0.012863855028571437,0.01625502486734691,-0.0005185667346938787,-0.007930858469387757,-0.057805162510204115
Scream6-06,1,-9.54826627102041,-0.0705095683673474,9.095915558265311,148.53289489795924,-21.854790295918367,7.5545892224489775,5.162785638367346,16.667034001020415,11.157834290714286,15.805781842448983,4.307225120612244,-0.8711970020408165,-6.077112838367347,-0.11363186806122444,-0.22918656887755096,-0.06885252581632656,-0.0034909455510204004,0.14176744448979584,-0.1599330653193877,-0.00772992765306116,0.09975361197959186,0.6565074627551022,0.09044834785714276,0.03655878765306125,0.06482179377551023,-0.1210332423469387,-0.009645721255102045,0.04971362142857144,0.026830221836734686,-0.013733182244897963,-0.03252391524489796,-0.017614879693877556,0.013204015408163286,0.0017943934693877754,-0.006210178581632646,0.019573399255102045,0.02147601469387756,0.017141629693877555,0.01819248810204079
Scream6-07,1,-10.837515786746987,-7.2588212879518075,-11.643999056626509,145.43293614457832,-25.73706847120482,9.443646459036144,9.63677643975904,24.119736061445785,33.85796735488914,19.687302090361452,7.3127959043493975,4.7590833831325305,-13.708826554216865,0.3462602453012048,0.03195612421686757,-0.09567517914457827,-0.32694141234939755,0.2254370345783134,0.02834529710843374,0.06074350585542177,-0.2807413155180723,-0.7063043631325301,-0.3391231671084338,0.10368808462650578,0.17339969192771076,0.5418190357951805,0.026502153373493983,-0.015143388506024109,0.0069005014578313205,0.025012033234939748,0.03610230132530126,-0.014243848554216837,-0.02140339726506026,-0.06532786698795186,-0.12178427542168672,-0.11043918751807227,-0.05705139216867471,-0.07225797999999997,-0.031428068674698766
Scream6-08,1,-25.057962132653056,7.234155701224489,1.0332007775510206,158.18524183673466,-27.652157142857142,1.9129418899999984,0.12598797040816276,10.747757865306124,18.19841763469387,21.99045086632653,0.7267475806122448,3.2575084606122453,-2.2867105561224492,0.15075433640816327,0.03440255713265307,0.14653765755102044,-0.17682799085714282,0.25941430396938775,-0.18286829061224497,0.023532659897959184,-0.15020352071428572,0.18758653448979587,-0.005156114693877563,0.32353310612244895,0.3516389890816326,-0.17287503693877543,0.02545728280612246,-0.007487311214285718,0.017644944826530614,-0.014300263293367338,0.037530843469387745,-0.00016482994897960024,0.025527363948979635,0.012315855714285699,-0.017514722551020396,-0.08972694877551018,-0.0108961037755102,-0.022914752551020413,-0.08489883276530616
Scream6-09,1,-19.068192551020413,13.531514287551014,17.007180767346945,156.81311122448983,-34.92529693877551,1.822468442857143,8.472627953979591,7.663128043265303,11.622115946938775,29.158433469387745,1.2307755122448991,2.7665169594897954,1.4582216020408179,-0.03232059026530615,0.17054480941836744,0.3523932285918367,0.03841197383673467,-0.12044808204081635,0.06817888224489797,-0.04659561357142848,0.21631640428265303,0.07673574571428576,-0.019902869081632652,-0.25796972530612267,-0.10285429642857137,0.4175963862244899,0.008422075397959182,-0.03459902419387754,-0.012962513612244896,-0.028605724865204085,-0.009542144469387764,0.027356514163265334,0.04796022474489796,-0.021880996122448957,-0.029445160030612275,-0.06253499636020408,0.013214254897959184,0.03586667303061224,-0.024108634724489812
Soccerfield_no_game_-01,0,-1.522453140714286,0.3154977765306124,0.9452071129591835,123.10314081632657,1.8381543599591847,28.041619387755116,22.969423163265297,25.40153576020408,7.092245467346939,-1.5417334017346933,-0.44005257438775536,5.0663026428571465,-1.0478588172244896,0.08276393370408167,-0.05169119428571429,0.0318496445102041,0.011030856142857148,0.0625456786734694,0.16346882642857136,0.04368086423469386,-0.04165442591836739,-0.04855980571428565,-0.040382636938775605,-0.03811142816326533,-0.02479174153061224,0.04335714591836736,0.005151280816326542,-0.024301279489795904,-0.03724473851020407,-0.000553638265306125,0.0004701636224489783,-0.002662874367346953,0.01676344506122449,0.012207665448979622,0.05989769357142857,0.06660579407142855,0.015468541530612254,0.04421366288775511,0.030072670612244876
Soccerfield_no_game_-02,0,-7.070438361224489,-4.425717939795918,-1.463179275408163,123.13755102040815,-4.919265181836735,22.260501938775516,19.00219067346939,25.35674153061225,8.303922275510205,-1.1451153428571428,-0.8089274928571428,4.1617407752040805,0.27618192918367346,-0.01924802777551022,-0.06847668903061215,-0.09164783073469382,0.03806409866326529,-0.07508762051020407,-0.06387453158163274,0.002404501632653017,-0.029995123265306164,0.024409136020408142,-0.13778928714285726,-0.19619204295918374,0.0631684127040816,0.05900163897959185,0.018708761418367345,-0.02705302453061225,-0.004511319693877553,0.007755198724489798,0.027744110204081632,0.010089123397551017,0.01501489265306123,0.020283809387755102,0.03199014632653062,0.019458916020408168,-0.013463476938775499,0.0002621921428571151,-0.0009951415714285698
Soccerfield_no_game_-03,0,-8.481130346938775,-2.0304262346938766,-7.505176002040814,124.37024999999998,-7.393826632653064,19.39905270408164,16.03197133673469,24.56657973469388,10.717820724489798,-1.6858580505102048,-5.130503251469387,-0.8980261179591835,2.6258436827551024,0.07699709356122446,0.027839854897959197,0.017606132826530552,0.023463607091836737,0.08595821645918371,0.1856508179591837,-0.08116499418367344,0.1122281275510204,-0.014408147540816313,-0.0027816497959183965,-0.09988818051020404,-0.09307700897959188,0.016444832795918355,0.01744611467346938,0.014395041326530609,-0.01982177020408162,0.01138726965510204,0.038382928755102026,0.052765504795918385,0.05660629663265306,0.026509933734693878,0.019273662142857174,-0.0071185528193877575,0.006459517755102044,-0.036702411836734686,0.06911673095918369
Soccerfield_no_game_-04,0,-4.360036491530613,1.8911307219387758,-1.6708303467346939,124.76951530612243,-1.275551120408164,26.240921224489796,19.821510081632645,27.487611357142853,13.217044024489793,2.6676258357142864,0.37353559561224514,4.744524210344897,3.815721178571427,-0.048730227755102044,-0.025147258571428577,-0.1165287273469388,-0.0158432029010204,-0.11414344661224483,-0.051610688874183665,0.009471331938775498,-0.0822930804081633,-0.13575728122448988,-0.032101128877551045,-0.052345609591836734,-0.11954520132653058,-0.14102480167346937,0.006401939336734698,-0.01502318107142857,-0.024438850714285726,0.003997247071428577,0.0072756381734693934,-0.0037931362040816287,0.0036544268367346903,0.024823517244897977,0.026679427306122452,-0.004684329795918355,0.036656166255102034,0.024829663295918385,0.007425438571428575
Soccerfield_no_game_-05,0,-4.686253776122449,1.4007830245918371,-1.7785856197959176,123.9458836734694,-2.2751659887755107,22.35531428571429,20.483289061224486,24.352976867346932,9.989822955102044,0.27428423928571444,-3.9032912086734695,-0.3119413857142858,0.057962838775510374,0.07599702102040816,0.19737732448979592,0.03237357112244903,0.03608683376530613,0.056726068918367324,0.04546512448979589,0.0462055503061225,0.013845143979591903,0.03316653539795919,0.04450977734693878,-0.03457551775510208,-0.010937849489795941,0.0974446230612245,-0.022397821428571413,-0.038647469663265335,0.01478036489795918,-0.010658047857142855,-0.007857693295918365,0.015091957142857151,0.00021997326530614016,0.05345188309183673,0.0266925708622449,0.037385798877550995,0.06400510357142858,0.03314581051020409,-0.04059787376938776
Soccerfield_no_game_-06,0,-3.626036307040816,3.9722723077551008,1.254789083755102,122.82900000000002,0.2573225047959178,23.779739826530623,21.90819658163265,26.264851768367343,13.767755821428574,5.626999267346939,1.477882124530612,0.6195855489795923,0.6421400840816334,0.11257544720408169,0.047473769081632644,-0.014120316938775534,0.054336550306122465,0.12219340469387752,0.15069479234693875,-0.0029547180612244906,0.024620348510204025,-0.08934311255102038,-0.10864991112244898,-0.005620404693877465,0.06800333622448987,0.11544283693877558,0.004023113561224489,-0.01823111877551023,-0.037953393979591826,0.0007652560204081688,0.007557535438775521,0.02579805295918369,0.03802824586734693,-0.015741885285714297,-0.03927168744897958,-0.016925218836734694,0.01583954204081634,-0.005396089010204061,-0.0026954921428571288
Soccerfield_no_game_-07,0,0.6086942418367353,1.5250444540204082,-0.12391747040816366,124.5048979591837,0.9428843207142855,23.664278612244907,17.05343010683673,23.373068304081634,10.323806965306117,3.4482460377551036,1.039316151122449,0.5468636030612246,-0.2758973391836738,0.023321477142857056,0.035376005295918396,-0.022997365510204086,-0.02297598602040815,0.019130313775510166,-0.006866085714285753,0.04844317142857142,-0.04532588992857151,-0.12510717799999999,-0.1693458645918367,-0.08988123448979596,0.15101279021428568,0.07976869189795922,0.013835695510204093,-0.03974226357142856,0.05242733693877547,0.001626474214285705,0.011564151653061211,-0.005424183989795925,-0.011338241224489785,-0.019802176591836754,-0.0030637087755101956,-0.05965389346938776,-0.00916320857142857,-0.02230413612244901,-0.029896735448979604
Soccerfield_no_game_-08,0,9.025216446938774,3.515275065102041,0.9261811653061224,126.71214285714285,10.578798246938776,21.946827696938783,11.587250387755097,14.468296366938771,6.679433881632655,2.5793649581632643,4.368863124489794,3.6372455051020425,1.5121045245918359,-0.22409855571428577,-0.083660025,0.027562638877551032,-0.07102146158163265,-0.21967334228673466,-0.066669612244898,-0.03498115816326521,0.07257773765306123,0.1281083094897959,-0.03893107061224494,-0.048236513979591805,0.006379486530612287,-0.10573430938775513,0.018599502959183677,0.04043872500000001,0.010396368469387749,0.0045017774081632595,0.002700867142857139,-0.03630553332653064,-0.052045743265306095,-0.05635998707142858,-0.03623971459183675,0.026210094571428564,0.036958455816326535,-0.014569812602040834,0.013980222877551027
Soccerfield_no_game_-09,0,-4.77449041265306,3.4181306938775506,2.7061929030612246,121.51128061224487,-3.1807056824489788,21.904688765306112,15.977394030612254,24.301130581632652,10.988829593877558,3.0448701640816327,-0.6777325846938774,-1.061700804897959,-3.2123605397959176,-0.007740471326530617,0.061677658775510194,-0.1500377904214286,0.003952054775510186,-0.07066416558163267,-0.1162151974489796,-0.13162369836734697,-0.050204770581632634,-0.05759259704081634,-0.08670870227551022,-0.16814031040816338,-0.1269777673469388,0.09716095663265306,-0.0005726276326530614,-0.008349791734693888,0.014193865887755144,-0.005295794826530613,0.008205554591836736,0.008658694520408163,0.0038037005102040757,0.00365550852040815,-0.012037976367346912,0.036601235306122464,0.03829545877551022,0.0027678987142856874,0.0003035793438775517
